{"journal_id": "tocs", "journal_name": "ACM Transactions on Computer Systems", "publisher": "ACM", "subject_tags": ["计算机体系结构/并行与分布计算/存储系统"], "ccf_rating": "A", "scope_text": "ACM Transactions on Computer Systems (TOCS) presents research and development results on the design, implementation, analysis, evaluation, and use of computer systems and systems software. The term \"computer systems\" is interpreted broadly and includes operating systems, systems architecture and hardware, distributed systems, optimizing compilers, and the interaction between systems and computer networks. Articles appearing in TOCS will tend either to present new techniques and concepts, or to report on experiences and experiments with actual systems. Insights useful to system designers, builders, and users will be emphasized. TOCS publishes research and technical papers, both short and long, as well as research highlights. It includes technical correspondence to permit commentary on technical topics and on previously published papers. This journal publishes on a quarterly basis.", "submission_url": "https://dl.acm.org/journal/tocs", "homepage_url": "https://dl.acm.org/journal/tocs", "keywords": [], "oa_type": "subscription", "impact_like_score": 0.0, "review_time": "", "apc": 0.0}
{"journal_id": "tos", "journal_name": "ACM Transactions on Storage", "publisher": "ACM", "subject_tags": ["计算机体系结构/并行与分布计算/存储系统"], "ccf_rating": "A", "scope_text": "ACM Transactions on Storage (TOS) is the premier journal for publishing advancements in data storage research and practice. Storage systems, from small IoT devices and handhelds to massive geo-distributed clouds, are critical to managing the world's data and drive advances in computing. Storage is a broad, evolving, and multidisciplinary field and designing, developing, and deploying storage systems continues to be a challenge due to ever-changing software and hardware, new and more complex workloads, exponential data growth, and conflicting demands like performance, costs, reliability, and security. ACM TOS brings together experts from multiple disciplines to provide a high quality, peer-reviewed, comprehensive journal focused broadly on storage. ACM TOS welcomes submissions on storage systems research including networked and distributed systems, operating systems and virtualization, file systems, resource management, data backup and archival, availability and reliability, hardware devices, performance management, security and privacy, coding theory, and energy efficiency and sustainability.", "submission_url": "https://dl.acm.org/journal/tos", "homepage_url": "https://dl.acm.org/journal/tos", "keywords": [], "oa_type": "subscription", "impact_like_score": 0.0, "review_time": "", "apc": 0.0}
{"journal_id": "tcad", "journal_name": "IEEE Transactions on Computer-Aided Design of Integrated Circuits and Systems", "publisher": "IEEE", "subject_tags": ["计算机体系结构/并行与分布计算/存储系统"], "ccf_rating": "A", "scope_text": "The purpose of the IEEE Transactions on Computer-Aided Design of Integrated Circuits and Systems is to publish papers of interest to individuals in the area of computer-aided design of integrated circuits and systems composed of analog, digital, mixed-signal, optical, or microwave components. The aids include methods, models, algorithms, and man-machine interfaces for system-level, physical and logical design including: planning, synthesis, partitioning, modeling, simulation, layout, verification, testing, hardware-software co-design and documentation of integrated circuit and system designs of all complexities. Design tools and techniques for evaluating and designing integrated circuits and systems for metrics such as performance, power, reliability, testability, and security are a focus.", "submission_url": "https://ieeexplore.ieee.org/xpl/RecentIssue.jsp?punumber=43", "homepage_url": "https://ieeexplore.ieee.org/xpl/RecentIssue.jsp?punumber=43", "keywords": [], "oa_type": "subscription", "impact_like_score": 0.0, "review_time": "", "apc": 0.0}
{"journal_id": "tc", "journal_name": "IEEE Transactions on Computers", "publisher": "IEEE", "subject_tags": ["计算机体系结构/并行与分布计算/存储系统"], "ccf_rating": "A", "scope_text": "IEEE Transactions on Computers is a monthly publication with a wide distribution to researchers, developers, technical managers, and educators in the computer field. It publishes papers on research in areas of current interest to the readers. These areas include, but are not limited to, the following: a) computer organizations and architectures; b) operating systems, software systems, and communication protocols; c) real-time systems and embedded systems; d) digital devices, computer components, and interconnection networks; e) specification, design, prototyping, and testing methods and tools; f) performance, fault tolerance, reliability, security, and testability; g) case studies and experimental and theoretical evaluations; and h) new and important applications and trends.", "submission_url": "https://dl.acm.org/journal/itco", "homepage_url": "https://dl.acm.org/journal/itco", "keywords": [], "oa_type": "subscription", "impact_like_score": 0.0, "review_time": "", "apc": 0.0}
{"journal_id": "tpds", "journal_name": "IEEE Transactions on Parallel and Distributed Systems", "publisher": "IEEE", "subject_tags": ["计算机体系结构/并行与分布计算/存储系统"], "ccf_rating": "A", "scope_text": "IEEE Transactions on Parallel and Distributed Systems (TPDS) is published monthly. It publishes a range of papers, comments on previously published papers, and survey articles that deal with the parallel and distributed systems research areas of current importance to our readers. Particular areas of interest include, but are not limited to: Parallel and distributed algorithms, focusing on topics such as: models of computation; numerical, combinatorial, and data-intensive parallel algorithms, scalability of algorithms and data structures for parallel and distributed systems, communication and synchronization protocols, network algorithms, scheduling, and load balancing. Applications of parallel and distributed computing, including computational and data-enabled science and engineering, big data applications, parallel crowd sourcing, large-scale social network analysis, management of big data, cloud and grid computing, scientific and biomedical applications, mobile computing, and cyber-physical systems. Parallel and distributed architectures, including architectures for instruction-level and thread-level parallelism; design, analysis, implementation, fault resilience and performance measurements of multiple-processor systems; multicore processors, heterogeneous many-core systems; petascale and exascale systems designs; novel big data architectures; special purpose architectures, including graphics processors, signal processors, network processors, media accelerators, and other special purpose processors and accelerators; impact of technology on architecture; network and interconnect architectures; parallel I/O and storage systems; architecture of the memory hierarchy; power-efficient and green computing architectures; dependable architectures; and performance modeling and evaluation. Parallel and distributed software, including parallel and multicore programming languages and compilers, runtime systems, operating systems, Internet computing and web services, resource management including green computing, middleware for grids, clouds, and data centers, libraries, performance modeling and evaluation, parallel programming paradigms, and programming environments and tools.", "submission_url": "https://ieeexplore.ieee.org/xpl/RecentIssue.jsp?punumber=71", "homepage_url": "https://ieeexplore.ieee.org/xpl/RecentIssue.jsp?punumber=71", "keywords": [], "oa_type": "subscription", "impact_like_score": 0.0, "review_time": "", "apc": 0.0}
{"journal_id": "taco", "journal_name": "ACM Transactions on Architecture and Code Optimization", "publisher": "ACM", "subject_tags": ["计算机体系结构/并行与分布计算/存储系统"], "ccf_rating": "A", "scope_text": "ACM Transactions on Architecture and Code Optimization (TACO) focuses on hardware, software, and system research spanning the fields of computer architecture and code optimization. Articles that appear in TACO will either present new techniques and concepts or report on experiences and experiments with actual systems. Insights useful to architects, hardware or software developers, designers, builders, and users will be emphasized.ACM Transactions on Architecture and Code Optimization (TACO) focuses on hardware, software, and system research spanning the fields of computer architecture and code optimization. Articles that appear in TACO will either present new techniques and concepts or report on experiences and experiments with actual systems. Insights useful to architects, hardware or software developers, designers, builders, and users will be emphasized.", "submission_url": "https://dl.acm.org/journal/taco", "homepage_url": "https://dl.acm.org/journal/taco", "keywords": [], "oa_type": "subscription", "impact_like_score": 0.0, "review_time": "", "apc": 0.0}
{"journal_id": "taas", "journal_name": "ACM Transactions on Autonomous and Adaptive Systems", "publisher": "ACM", "subject_tags": ["计算机体系结构/并行与分布计算/存储系统"], "ccf_rating": "B", "scope_text": "ACM Transactions on Autonomous and Adaptive Systems (TAAS) is a venue for high-quality research contributions addressing foundational, engineering, and technological aspects supporting the development and management of autonomous adaptive systems. TAAS focuses on system design, system software architectures, and enabling technologies. It particularly welcomes results supported by experimental validation.", "submission_url": "https://dl.acm.org/journal/taas", "homepage_url": "https://dl.acm.org/journal/taas", "keywords": [], "oa_type": "subscription", "impact_like_score": 0.0, "review_time": "", "apc": 0.0}
{"journal_id": "todaes", "journal_name": "ACM Transactions on Design Automation of Electronic Systems", "publisher": "ACM", "subject_tags": ["计算机体系结构/并行与分布计算/存储系统"], "ccf_rating": "B", "scope_text": "TODAES is a premier ACM journal in design and automation of electronic systems. It publishes innovative work documenting significant research and development advances on the specification, design, analysis, simulation, testing, and evaluation of electronic systems, emphasizing a computer science/engineering orientation. Design automation for machine learning/AI and machine learning/AI for design automation are very much welcomed. For topics of interest please see.", "submission_url": "https://dl.acm.org/journal/todaes", "homepage_url": "https://dl.acm.org/journal/todaes", "keywords": [], "oa_type": "subscription", "impact_like_score": 0.0, "review_time": "", "apc": 0.0}
{"journal_id": "tecs", "journal_name": "ACM Transactions on Embedded Computing Systems", "publisher": "ACM", "subject_tags": ["计算机体系结构/并行与分布计算/存储系统"], "ccf_rating": "B", "scope_text": "The design of embedded computing systems, both the software and hardware, increasingly relies on sophisticated algorithms, analytical models, and methodologies. ACM Transactions on Embedded Computing Systems (TECS) aims to present the leading work relating to the analysis, design, behavior, and experience with embedded computing systems.", "submission_url": "https://dl.acm.org/journal/tecs", "homepage_url": "https://dl.acm.org/journal/tecs", "keywords": [], "oa_type": "subscription", "impact_like_score": 0.0, "review_time": "", "apc": 0.0}
{"journal_id": "trets", "journal_name": "ACM Transactions on Reconfigurable Technology and Systems", "publisher": "ACM", "subject_tags": ["计算机体系结构/并行与分布计算/存储系统"], "ccf_rating": "B", "scope_text": "ACM Transactions on Reconfigurable Technology and Systems (TRETS) is a peer-reviewed and archival journal covering technology, systems, and applications on reconfigurable computers or devices. The journal has been the vehicle for many seminal papers over the past decade. Reconfigurable technology includes field programmable gate arrays (FPGAs) and other adaptable fabrics, such as coarse-grained reconfigurable architectures (CGRAs) and structured ASICs. Topics appropriate for TRETS include all levels of reconfigurable system abstractions and technologies, platforms, programming environments, operating systems, design automation, and application successes.", "submission_url": "https://dl.acm.org/journal/trets", "homepage_url": "https://dl.acm.org/journal/trets", "keywords": [], "oa_type": "subscription", "impact_like_score": 0.0, "review_time": "", "apc": 0.0}
{"journal_id": "tvlsi", "journal_name": "IEEE Transactions on Very Large Scale Integration (VLSI) Systems", "publisher": "IEEE", "subject_tags": ["计算机体系结构/并行与分布计算/存储系统"], "ccf_rating": "B", "scope_text": "IEEE Transactions on Very Large Scale Integration (VLSI) Systems covers design and realization of microelectronic systems using VLSI/ULSI technologies that require close collaboration among scientists and engineers in the fields of systems architecture, logic and circuit design, chips and wafer fabrication, packaging, testing and systems applications. Generation of specifications, design and verification must be performed at all abstraction levels, including the system, register-transfer, logic, circuit, transistor and process levels. To address this critical area through a common forum, the IEEE Transactions on VLSI Systems was founded. The editorial board, consisting of international experts, invites original papers which emphasize the novel system integration aspects of microelectronic systems, including interactions among system design and partitioning, logic and memory design, digital and analog circuit design, layout synthesis, CAD tools, chips and wafer fabrication, testing and packaging, and system level qualification. Thus, the coverage of this Transactions focuses on VLSI/ULSI microelectronic system integration. Topics of special interest include, but are not strictly limited to, the following: • System Specification, Design and Partitioning, • System-level Test, • Reliable VLSI/ULSI Systems, • High Performance Computing and Communication Systems, • Wafer Scale Integration and Multichip Modules (MCMs), • High-Speed Interconnects in Microelectronic Systems, • VLSI/ULSI Neural Networks and Their Applications, • Adaptive Computing Systems with FPGA components, • Mixed Analog/Digital Systems, • Cost, Performance Tradeoffs of VLSI/ULSI Systems, • Adaptive Computing Using Reconfigurable Components (FPGAs).", "submission_url": "https://ieeexplore.ieee.org/xpl/RecentIssue.jsp?punumber=92", "homepage_url": "https://ieeexplore.ieee.org/xpl/RecentIssue.jsp?punumber=92", "keywords": [], "oa_type": "subscription", "impact_like_score": 0.0, "review_time": "", "apc": 0.0}
{"journal_id": "jpdc", "journal_name": "Journal of Parallel and Distributed Computing", "publisher": "unknown", "subject_tags": ["计算机体系结构/并行与分布计算/存储系统"], "ccf_rating": "B", "scope_text": "This international journal is directed to researchers, engineers, educators, managers, programmers, and users of computers who have particular interests in parallel processing and/or distributed computing. The Journal of Parallel and Distributed Computing publishes original research papers and timely review articles on the theory, design, evaluation, and use of parallel and/or distributed computing systems. The journal also features special issues on these topics; again covering the full range from the design to the use of our targeted systems. Research Areas Include: • Theory of parallel and distributed computing • Parallel algorithms and their implementation • Innovative computer architectures • Parallel programming • Applications, algorithms and platforms for accelerators • Cloud, edge and fog computing • Data-intensive platforms and applications • Parallel processing of graph and irregular applications • Parallel and distributed programming models • Software tools and environments for distributed systems • Algorithms and systems for Internet of Things • Performance analysis of parallel applications • Architecture for emerging technologies e.g., novel memory technologies, quantum computing • Application-specific architectures e.g., accelerator-based and reconfigurable architecture • Interconnection network, router and network interface architecture.", "submission_url": "https://www.sciencedirect.com/journal/journal-of-parallel-and-distributed-computing", "homepage_url": "https://www.sciencedirect.com/journal/journal-of-parallel-and-distributed-computing", "keywords": [], "oa_type": "subscription", "impact_like_score": 0.0, "review_time": "", "apc": 0.0}
{"journal_id": "jsa", "journal_name": "Journal of Systems Architecture: Embedded Software Design", "publisher": "unknown", "subject_tags": ["计算机体系结构/并行与分布计算/存储系统"], "ccf_rating": "B", "scope_text": "The Journal of Systems Architecture: Embedded Software Design (JSA) is a journal covering all design and architectural aspects related to embedded systems and software. It ranges from the microarchitecture level via the system software level up to the application-specific architecture level. Aspects such as real-time systems, operating systems, programming languages, communications (limited to analysis and the software stack), mobile systems, parallel and distributed architectures as well as additional subjects in the computer and system architecture area will fall within the scope of this journal. Technology will not be a main focus, but its use and relevance to particular designs will be. Case studies are welcome but must contribute more than just a design for a particular piece of software. Design automation of such systems including methodologies, techniques and tools for their design as well as novel designs of software components fall within the scope of this journal. Novel applications that use embedded systems are also central in this journal. While JSA does not focus on hardware design, hardware/software co-design techniques with an emphasis on software are also relevant here. We invite you to convert your open source software into an additional journal publication in Software Impacts, a multi-disciplinary open access journal. Software Impacts provides a scholarly reference to software that has been used to address a research challenge. The journal disseminates impactful and re-usable scientific software through Original Software Publications (OSP) which describe the application of the software to research and the published outputs.", "submission_url": "https://www.sciencedirect.com/journal/journal-of-systems-architecture", "homepage_url": "https://www.sciencedirect.com/journal/journal-of-systems-architecture", "keywords": [], "oa_type": "subscription", "impact_like_score": 0.0, "review_time": "", "apc": 0.0}
{"journal_id": "parallelcomputing", "journal_name": "Parallel Computing", "publisher": "unknown", "subject_tags": ["计算机体系结构/并行与分布计算/存储系统"], "ccf_rating": "B", "scope_text": "Researchers interested in submitting a special issue proposal should adhere to the Submission Guidelines. Parallel Computing is an international journal presenting the practical use of parallel computer systems, including high-performance architecture, system software, programming systems and tools, and applications. Within this context, the journal covers all aspects of high-end parallel computing from single homogeneous or heterogenous computing nodes to large-scale multi-node systems. Parallel Computing features original research work and review articles as well as novel or illustrative accounts of application experience with (and techniques for) the use of parallel computers. We also welcome studies reproducing prior publications that either confirm or disprove prior published results. Technical areas of interest include, but are not limited to: · System software for parallel computer systems including programming languages (new languages as well as compilation techniques), operating systems (including middleware), and resource management (scheduling and load-balancing). · Enabling software including debuggers, performance tools, and system and numeric libraries. · General hardware (architecture) concepts, new technologies enabling the realization of such new concepts, and details of commercially available systems. · Software engineering and productivity as it relates to parallel computing. · Applications (including scientific computing, deep learning, machine learning) or tool case studies demonstrating novel ways to achieve parallelism. · Performance measurement results on state-of-the-art systems. · Approaches to effectively utilize large-scale parallel computing, including new algorithms or algorithm analysis with demonstrated relevance to real applications using existing or next generation parallel computer architectures. · Parallel I/O systems, both hardware and software. · Networking technology for support of high-speed computing, demonstrating the impact of high-speed computation on parallel applications · Programming models and software for hybrid quantum-classical computing, and hybrid quantum-classical algorithms for high-performance computing.", "submission_url": "", "homepage_url": "", "keywords": [], "oa_type": "subscription", "impact_like_score": 0.0, "review_time": "", "apc": 0.0}
{"journal_id": "performanceevaluationaninternationaljournal", "journal_name": "Performance Evaluation: An International Journal", "publisher": "unknown", "subject_tags": ["计算机体系结构/并行与分布计算/存储系统"], "ccf_rating": "B", "scope_text": "Performance Evaluation is a leading journal in the area of modeling, measurement, and evaluation of performance aspects of computing and communication systems. As such, it aims to present a balanced and complete view of the entire field of performance evaluation. The journal audience encompasses academics, industrial researchers, and professional figures such as performance engineers, network managers, and computer system designers. The journal solicits from its audience papers that focus on one or more of the following dimensions: Define new performance evaluation tools, including measurement and monitoring tools as well as modeling and analytic techniques Provide new insights into the performance of computing and communication systems Present novel control and learning methods for performance management Introduce new application areas where performance evaluation tools and methods can play an important role Contributions to the journal often focus on theoretical, methodological, or applied aspects of: Resource allocation (e.g., routing and flow control, bandwidth allocation, load-balancing, deployment,... System tuning, sizing and optimal configuration System reliability and dependability Energy efficiency and energy harvesting System architecture design and implementation Application areas of interest include, but are not limited to, the following: Computer and communication networks (e.g., software-defined, wireless, cognitive radio, ad-hoc, quantum,... Data centers Cloud, IoT, edge, and cyber-physical systems Social networks, social media, metaverse AI-based services Big data and storage systems Blockchain and distributed ledgers Autonomous and self-organizing systems Embedded systems Commonly featured performance evaluation methods and techniques include: Stochastic models (e.g., queueing theory, mean-field models, stochastic geometry,... Data-driven methods (e.g., AI/machine learning, inference, statistical analysis, ...) Scheduling and load balancing theory Simulation methods Game theory and pricing Measurement techniques (e.g. software and hardware monitors) and workload characterization Note that the above lists are not all inclusive or restrictive and submissions with creative applications of performance evaluation tools outside of those above and/or applications outside of those above are also welcome. A variety of types of submissions are possible, primarily original work, tutorials & surveys. All submissions are expected to position their contributions against relevant prior work in the field, including articles published in recent years by the journal. A complete list of PEVA articles may be found here.", "submission_url": "", "homepage_url": "", "keywords": [], "oa_type": "subscription", "impact_like_score": 0.0, "review_time": "", "apc": 0.0}
{"journal_id": "tcc", "journal_name": "IEEE Transactions on Cloud Computing", "publisher": "IEEE", "subject_tags": ["计算机体系结构/并行与分布计算/存储系统"], "ccf_rating": "B", "scope_text": "The IEEE Transactions on Cloud Computing (TCC) is dedicated to the multidisciplinary field of cloud computing. It is committed to the publication of articles that present innovative research ideas, application results, and case studies in cloud computing, focusing on key technical issues related to theory, algorithms, systems, applications, and performance.", "submission_url": "https://ieeexplore.ieee.org/xpl/RecentIssue.jsp?punumber=6245519", "homepage_url": "https://ieeexplore.ieee.org/xpl/RecentIssue.jsp?punumber=6245519", "keywords": [], "oa_type": "subscription", "impact_like_score": 0.0, "review_time": "", "apc": 0.0}
{"journal_id": "jetc", "journal_name": "ACM Journal on Emerging Technologies in Computing Systems", "publisher": "ACM", "subject_tags": ["计算机体系结构/并行与分布计算/存储系统"], "ccf_rating": "C", "scope_text": "The ACM Journal on Emerging Technologies in Computing Systems (JETC) invites submissions of original technical papers describing research and development in emerging technologies in computing systems. Major economic and technical challenges are expected to impede the continued scaling of semiconductor devices. This has resulted in the search for alternate mechanical, biological/biochemical, nanoscale electronic, asynchronous and quantum computing, and sensor technologies. As the underlying nanotechnologies continue to evolve in the labs of chemists, physicists, and biologists, it has become imperative for computer scientists and engineers to translate the potential of the basic building blocks (analogous to the transistor) emerging from these labs into information systems. Their design will face multiple challenges ranging from the inherent (un)reliability due to the self-assembly nature of the fabrication processes for nanotechnologies, from the complexity due to the sheer volume of nanodevices that will have to be integrated for complex functionality, and from the need to integrate these new nanotechnologies with silicon devices in the same system. The journal provides comprehensive coverage of innovative work in the specification, design analysis, simulation, verification, testing, and evaluation of computing systems constructed out of emerging technologies and advanced semiconductors. Also of interest are innovations in system design for green and sustainable computing, and computing-driven solutions to emerging areas in biotechnology. Topics include, but are not limited to: Logic Primitive Design and Synthesis: how to design computational logic primitives from the new nanotechnologies, and design tools supporting their effective design and verification, System-Level Specification, Design and Synthesis: how to interconnect these computational primitives to build complete information systems, and design tools for specifying, synthesizing, and verifying such systems, Software-Level Specification, Design and Synthesis: how to develop the necessary software so that applications can be effectively mapped onto information systems implemented using these new nanotechnologies, and tools for generating and verifying the software, and Mixed-Technology Systems: how to interface across potentially hybrid nanotechnologies that may co-exist in the same information system.", "submission_url": "https://dl.acm.org/journal/jetc", "homepage_url": "https://dl.acm.org/journal/jetc", "keywords": [], "oa_type": "subscription", "impact_like_score": 0.0, "review_time": "", "apc": 0.0}
{"journal_id": "concurrencyandcomputationpracticeandexperience", "journal_name": "Concurrency and Computation: Practice and Experience", "publisher": "unknown", "subject_tags": ["计算机体系结构/并行与分布计算/存储系统"], "ccf_rating": "C", "scope_text": "Concurrency and Computation: Practice and Experience is a computer science journal publishing original research and review papers on parallel and distributed computing systems. With a broad scope, the journal covers high-performance computing, data science, artificial intelligence and machine learning, big data, security, quantum and cloud computing, and more.", "submission_url": "", "homepage_url": "", "keywords": [], "oa_type": "subscription", "impact_like_score": 0.0, "review_time": "", "apc": 0.0}
{"journal_id": "dc", "journal_name": "Distributed Computing", "publisher": "unknown", "subject_tags": ["计算机体系结构/并行与分布计算/存储系统"], "ccf_rating": "C", "scope_text": "Distributed Computing is a peer-reviewed journal that serves as a forum for significant contributions to the theory and practical aspects of distributed systems. Covers topics from design and analysis of distributed algorithms to architectures and protocols for communication networks. Includes discussions on synchronization protocols, concurrent programming, and distributed operating systems. Explores areas of fault-tolerance, reliability, availability, and security in distributed computing. Features content on mobile, sensor, and ad hoc networks, internet applications, and concurrency theory. Emphasizes specification, semantics, verification, and testing of distributed systems.", "submission_url": "http://link.springer.com/journal/446", "homepage_url": "http://link.springer.com/journal/446", "keywords": [], "oa_type": "subscription", "impact_like_score": 0.0, "review_time": "", "apc": 0.0}
{"journal_id": "fgcs", "journal_name": "Future Generation Computer Systems", "publisher": "unknown", "subject_tags": ["计算机体系结构/并行与分布计算/存储系统"], "ccf_rating": "C", "scope_text": "The International Journal of eScience Computing infrastructures and systems are rapidly developing and so are novel ways to map, control and execute scientific applications which become more and more complex and collaborative. Computational and storage capabilities, databases, sensors, and people need true collaborative tools. Over the last years there has been a real explosion of new theory and technological progress supporting a better understanding of these wide-area, fully distributed sensing and computing systems. Big Data in all its guises require novel methods and infrastructures to register, analyze and distill meaning. FGCS aims to lead the way in advances in distributed systems, collaborative environments, high performance and high performance computing, Big Data on such infrastructures as grids, clouds and the Internet of Things (IoT). The Aims and Scope of FGCS cover new developments in: Applications and application support: Novel applications for novel e-infrastructures Complex workflow applications Big Data registration, processing and analyses Problem solving environments and virtual laboratories Semantic and knowledge based systems Collaborative infrastructures and virtual organizations Methods for high performance and high throughput computing Urgent computing Scientific, industrial, social and educational implications Education Methods and tools: Tools for infrastructure development and monitoring Distributed dynamic resource management and scheduling Information management Protocols and emerging standards Methods and tools for internet computing Security aspects Theory: Process specification; Program and algorithm design Theoretical aspects of large scale communication and computation Scaling and performance theory Protocols and their verification.", "submission_url": "", "homepage_url": "", "keywords": [], "oa_type": "subscription", "impact_like_score": 0.0, "review_time": "", "apc": 0.0}
{"journal_id": "integration", "journal_name": "Integration, the VLSI Journal", "publisher": "unknown", "subject_tags": ["计算机体系结构/并行与分布计算/存储系统"], "ccf_rating": "C", "scope_text": "Integration's aim is to cover every aspects of the VLSI (very large-scale integration) area, with an emphasis on the design, verification, test, and electronic design automation (EDA) technologies of integrated circuits and systems, as well as closely related topics in process and device technologies. Individual issues will feature peer-reviewed technical articles as well as reviews of recent publications. The intended coverage of the journal can be assessed by examining the following (non-exclusive) list of topics: Specification methods and languages; Analog/Digital Integrated Circuits and Systems; VLSI architectures; Algorithms, methods and tools for modeling, simulation, synthesis and verification of integrated circuits and systems of any complexity; Embedded systems; High-level synthesis for VLSI systems; Logic synthesis and finite automata; Testing, design-for-test and test generation algorithms; Physical design; Formal verification; Algorithms implemented in VLSI systems; Systems engineering; Heterogeneous and reconfigurable systems; Emerging device and interconnect technologies; Emerging architectures, systems and models of computation; EDA for quantum computing systems.", "submission_url": "", "homepage_url": "", "keywords": [], "oa_type": "subscription", "impact_like_score": 0.0, "review_time": "", "apc": 0.0}
{"journal_id": "jetta", "journal_name": "Journal of Electronic Testing-Theory and Applications", "publisher": "unknown", "subject_tags": ["计算机体系结构/并行与分布计算/存储系统"], "ccf_rating": "C", "scope_text": "The Journal of Electronic Testing: Theory and Applications is an international forum for the dissemination of research and application information in the area of electronic testing. This is the only journal devoted specifically to electronic testing. The papers for publication in Journal of Electronic Testing: Theory and Applications are selected through a peer review to ensure originality, timeliness, and relevance. The journal provides archival material, and through its quick publication cycle, strives to bring recent results to researchers and practitioners. While it emphasizes publication of preciously unpublished material, conference papers of exceptional merit that require wider exposure are, at the discretion of the editors, also published provided they meet the journal's peer review standard. Journal of Electronic Testing: Theory and Applications also seeks clearly written survey and review articles to promote improved understanding of the state of the art. Journal of Electronic Testing: Theory and Applications coverage includes, but is not limited to the following topics: Testing of VLSI devices printed circuit boards, and electronic systems; Testing of analog and digital electronic circuits; Testing of microprocessors, memories, and signal processing devices; Fault modeling; Test generation; Fault simulation; Testability analysis; Design for testability; Synthesis for testability; Built-in self-test; Test specification; Fault tolerance; Formal verification of hardware; Simulation for verification; Design debugging; AI methods and expert systems for test and diagnosis; Automatic test equipment (ATE); Test fixtures; Electron Beam Test Systems; Test programming; Test data analysis; Economics of testing; Quality and reliability; CAD Tools; Testing of wafer-scale integration devices; Testing of reliable systems; Manufac turing yield and design for yield improvement; Failure mode analysis and process improvement.", "submission_url": "", "homepage_url": "", "keywords": [], "oa_type": "subscription", "impact_like_score": 0.0, "review_time": "", "apc": 0.0}
{"journal_id": "jgc", "journal_name": "The Journal of Grid computing", "publisher": "unknown", "subject_tags": ["计算机体系结构/并行与分布计算/存储系统"], "ccf_rating": "C", "scope_text": "Grid computing is an emerging technology that enables large-scale resource sharing and coordinated problem solving within distributed, often loosely coordinated groups-what are sometimes termed \"virtual organizations. By providing scalable, secure, high-performance mechanisms for discovering and negotiating access to remote resources, Grid technologies promise to make it possible for scientific collaborations to share resources on an unprecedented scale, and for geographically distributed groups to work together in ways that were previously impossible. Similar technologies are being adopted within industry, where they serve as important building blocks for emerging service provider infrastructures. Even though the advantages of this technology for classes of applications have been acknowledged, research in a variety of disciplines, including not only multiple domains of computer science (networking, middleware, programming, algorithms) but also application disciplines themselves, as well as such areas as sociology and economics, is needed to broaden the applicability and scope of the current body of knowledge. Topics that fit within this theme include: Protocols, middleware, and services for security, discovery, sharing, management etc., of computing, storage, data and other resources - within dynamic, distributed communities Scaling issues in various dimensions: number of sites, number of users, number of resources, aggregate performance, and amount of data Peer-to-peer and internet computing Design environments, application development tools, languages and compilation techniques for GRID Computing Grid applications and system solutions in science, engineering and commerce Novel uses of Grid Computing concepts and technologies, for example in sensor nets and education Advanced collaboration technologies for collaborative work, information sharing and problem solving The implications of Grid technologies for emerging optical and wireless infrastructures The human and/or market dynamics that may influence resource sharing decisions and the choice of collaboration modalities within small and large communities.", "submission_url": "", "homepage_url": "", "keywords": [], "oa_type": "subscription", "impact_like_score": 0.0, "review_time": "", "apc": 0.0}
{"journal_id": "rts", "journal_name": "Real-Time Systems", "publisher": "unknown", "subject_tags": ["计算机体系结构/并行与分布计算/存储系统"], "ccf_rating": "C", "scope_text": "Real-time systems are defined as those systems in which the correctness of the system depends not only on the logical result of computations, but also on the time at which the results are produced. The journal Real-Time Systems publishes papers that concentrate on real-time computing principles and applications, which may be research papers, invited papers, project reports and case studies, standards and corresponding proposals for general discussion, and a partitioned tutorial on real-time systems as a continuing series. RTS also publishes short papers for fast publication of new high-quality ideas and correspondence articles that identify (and correct) significant errors found in published papers. Much of the work in building sophisticated, modern real-time systems is interdisciplinary in nature and is often found scattered throughout the primary literature. Real-Time Systems provides a single-source coverage of the state of the art in this exciting and expanding field. The editorial board, the writers and the readers of the journal are drawn from all parts of the world, from industry, and from academia. Papers published in Real-Time Systems cover, among others, the following topics: requirements engineering, specification and verification techniques, design methods and tools, programming languages, operating systems, scheduling algorithms, architecture, hardware and interfacing, dependability and safety, distributed and other novel architectures, wired and wireless communications, wireless sensor systems, distributed databases, artificial intelligence techniques, expert systems, and application case studies. Applications are found in command and control systems, process control, automated manufacturing, flight control, avionics, space avionics and defense systems, shipborne systems, vision and robotics, pervasive and ubiquitous computing, and in an abundance of embedded systems. The journal will also consider: Short Papers. These articles represent a means for fast publication of new, high-quality ideas in the form of short, critically refereed, technical papers. Submissions are welcomed on any topic in real-time systems, especially, but not limited to: novel techniques for the implementation of standard algorithms; significant improvements to existing well-known approaches; comparative evaluations of existing approaches; well-formed lucid critiques of standards. Correspondence Articles. These articles identify (and correct) significant errors found in published papers.", "submission_url": "", "homepage_url": "", "keywords": [], "oa_type": "subscription", "impact_like_score": 0.0, "review_time": "", "apc": 0.0}
{"journal_id": "tjsc", "journal_name": "The Journal of Supercomputing", "publisher": "unknown", "subject_tags": ["计算机体系结构/并行与分布计算/存储系统"], "ccf_rating": "C", "scope_text": "The Journal of Supercomputing publishes papers on the technology, architecture and systems, algorithms, languages and programs, performance measures and methods, and applications of all aspects of Supercomputing. Tutorial and survey papers are intended for workers and students in the fields associated with and employing advanced computer systems. The journal also publishes letters to the editor, especially in areas relating to policy, succinct statements of paradoxes, intuitively puzzling results, partial results, and real needs. Published theoretical and practical papers are advanced, in-depth treatments describing new developments and new ideas. Each includes an introduction summarizing prior, directly pertinent work that is useful for the reader to understand, in order to appreciate the advances being described.", "submission_url": "", "homepage_url": "", "keywords": [], "oa_type": "subscription", "impact_like_score": 0.0, "review_time": "", "apc": 0.0}
{"journal_id": "tcasi", "journal_name": "IEEE Transactions on Circuits and Systems I: Regular Papers", "publisher": "IEEE", "subject_tags": ["计算机体系结构/并行与分布计算/存储系统"], "ccf_rating": "C", "scope_text": "IEEE Transactions on Circuits and Systems I: Regular Papers publishes regular papers in the field specified by the theory, analysis, design, and practical implementations of circuits, and the application of circuit techniques to systems and to signal processing. Included is the whole spectrum from basic scientific theory to industrial applications. The field of interest covered includes: - Circuits: Analog, Digital and Mixed Signal Circuits and Systems - Nonlinear Circuits and Systems, Integrated Sensors, MEMS and Systems on Chip, Nanoscale Circuits and Systems, Optoelectronic - Circuits and Systems, Power Electronics and Systems - Software for Analog-and-Logic Circuits and Systems - Control aspects of Circuits and Systems.", "submission_url": "", "homepage_url": "", "keywords": [], "oa_type": "subscription", "impact_like_score": 0.0, "review_time": "", "apc": 0.0}
{"journal_id": "ccf_thpc", "journal_name": "CCF Transactions on High Performance Computing", "publisher": "unknown", "subject_tags": ["计算机体系结构/并行与分布计算/存储系统"], "ccf_rating": "C", "scope_text": "CCF Transactions on High Performance Computing (CCF THPC) is dedicated to publishing rigorously peer-reviewed, high-quality articles covering all aspects of supercomputing and high performance computing (HPC). Bringing together insights on, innovations in and implementations of HPC, the journal serves as an academic publication and communication platform and welcomes contributions from researchers, professionals, and industrial practitioners. The journal publishes original research and review articles on all aspects of high performance computing from design, service, and theory, to its practical use and applications. In addition, it addresses interdisciplinary topics like operating systems, networking and software engineering. This journal is published on behalf of the China Computer Federation (CCF) and is supported by the CCF technical committee on High Performance Computing, and CCF technical committee on Computer Architectures and Information Storage Technology. Specific topics of interest include, but are not limited to: 1) Architectures and related processors Processor architecture (multicore, GPU, custom logic), Novel computer architecture, Reconfigurable architecture, Special purpose architecture, Processor micro-architecture, Memory hierarchy, Cache coherence and memory consistency model 2) Supercomputing systems Hardware/software co-design, Communication middleware, Resilience and reliability technologies, Interconnection, Languages and compilers, Power-efficient, energy-efficient systems/tools, Performance and energy efficiency/benchmarks, System cooling, Large-scale system management, Scalable and broadly applicable high performance algorithm/optimization 3) Storage Parallel I/O, High-performance file systems, Solid state storage technologies and systems (e.g., flash, byte-addressable NVM), Parallel storage system, Memory-only storage systems, Reliability, availability, and fault tolerance, I/O performance tuning 4) Related applications of HPC Parallel algorithms, models, frameworks Implementation, HPC applications in atmospheric, materials, astrophysics, biology, AIs, and so.", "submission_url": "", "homepage_url": "", "keywords": [], "oa_type": "subscription", "impact_like_score": 0.0, "review_time": "", "apc": 0.0}
{"journal_id": "tsusc", "journal_name": "IEEE Transactions on Sustainable Computing", "publisher": "IEEE", "subject_tags": ["计算机体系结构/并行与分布计算/存储系统"], "ccf_rating": "C", "scope_text": "The IEEE Transactions on Sustainable Computing (T-SUSC) is a peer-reviewed journal devoted to publishing high-quality papers that explore the different aspects of sustainable computing, over a wide range of problem domains and technologies from software and hardware designs to applications. Sustainability includes energy efficiency, natural resources preservation, and use of multiple energy sources as needed in computing devices and infrastructure. Solutions for these problems call upon a wide range of algorithmic and computational frameworks, such as optimization, machine learning, decision support systems, meta-heuristics, and game-theory. Contributions to T-SUSC must address sustainability problems in computing and information processing environments and technologies, and at different levels of the computational process.", "submission_url": "", "homepage_url": "", "keywords": [], "oa_type": "subscription", "impact_like_score": 0.0, "review_time": "", "apc": 0.0}
{"journal_id": "jsac", "journal_name": "IEEE Journal on Selected Areas in Communications", "publisher": "IEEE", "subject_tags": ["计算机网络"], "ccf_rating": "A", "scope_text": "Each issue of the IEEE Journal on Selected Areas in Communications (JSAC) is devoted to a specific technical topic and thus provides to JSAC readers a collection of up-to-date papers on that topic. These issues are valuable to the research community and become valuable references. The technical topics covered by JSAC issues span the entire field of communications and networking. JSAC publishes only papers that are submitted in response to a Call-for-Papers. These calls are published in JSAC issues and other publications of the IEEE Communications Society as appropriate to the subject area of the call. Papers submitted for review for possible publication in a JSAC issue must be submitted to one of the Guest Editors listed in the Call-for-Papers. See \"Information for Authors\" found in any JSAC issue for additional instructions. Topics for JSAC issues are determined by the JSAC Editorial Board after review of proposals submitted by interested parties. All are invited to submit proposals. Instructions for submitting proposals are included in the Guidelines for Proposal preparation on the JSAC website. Recent issue themes included: Network Coding for Wireless Communication Networks, Wireless and Pervasive Communications for Healthcare, Network Infrastructure Configuration, Broadband Access Networks: Architectures and Protocols, Body Area Networking: Technology and Applications, Underwater Wireless Communication Networks, Game Theory in Communication Systems, Exploiting Limited Feedback in Tomorrow’s Communication Networks.", "submission_url": "", "homepage_url": "", "keywords": [], "oa_type": "subscription", "impact_like_score": 0.0, "review_time": "", "apc": 0.0}
{"journal_id": "tmc", "journal_name": "IEEE Transactions on Mobile Computing", "publisher": "IEEE", "subject_tags": ["计算机网络"], "ccf_rating": "A", "scope_text": "IEEE Transactions on Mobile Computing focuses on the key technical issues related to (a) architectures, (b) support services, (c) algorithm/protocol design and analysis, (d) mobile environments, (e) mobile communication systems, (f) applications, and (g) emerging technologies. Topics of interest include, but are not limited to, the following: a) Architectures - Mobile networks and hosts, Agents and proxies, Mobility management, mobile agent and proxy architectures Integrated wireline and wireless systems, Planning and standardization. b) Support Services - Mobility and roaming, Nomadic computing, Multimedia Operating system support, Power management. c) Algorithm/Protocol Design and Analysis - Online and mobile environments, Limited bandwidth, Intermittent connectivity. d) Mobile Environments - Data and knowledge management, Performance modeling and characterization, Security, scalability and reliability, Design, management and operation, Systems and technologies. e) Mobile Communication Systems - Wireless, cellular and spread-spectrum systems, Multi-user and multi-access techniques and algorithms, Multi-channel processing, Channel coding, Data coding and compression. f) Applications - Location-dependent and sensitive, Nomadic computing, Wearable computers and body area networks, Multimedia applications and multimedia signal processing, Pervasive computing, Wireless sensor networks. g) Emerging Technologies.", "submission_url": "", "homepage_url": "", "keywords": [], "oa_type": "subscription", "impact_like_score": 0.0, "review_time": "", "apc": 0.0}
{"journal_id": "ton", "journal_name": "IEEE Transactions on Networking", "publisher": "IEEE", "subject_tags": ["计算机网络"], "ccf_rating": "A", "scope_text": "The IEEE/ACM Transactions on Networking’s high-level objective is to publish high-quality, original research results derived from theoretical or experimental exploration of the area of communication/computer networking, covering all sorts of information transport networks over all sorts of physical layer technologies, both wireline (all kinds of guided media: e.g., copper, optical) and wireless (e.g., radio-frequency, acoustic (e.g., underwater), infra-red), or hybrids of these. The journal welcomes applied contributions reporting on novel experiences and experiments with actual systems. Network types: chip-scale to global telecom to inter-planetary: networks-on-a-chip, high-speed intra-system interconnection networks, backbone and access telecom networks, logical and overlay networks, cellular mobile telecom networks, wireless local area networks, ad hoc and mesh wireless networks, inter-vehicular networks, delay/disruption-tolerant networks, etc. Networking aspects: architecture and design (including algorithms for network resource allocation, traffic engineering, modeling and performance analysis), protocols (including formal methods for the verification, testing, and conversion of communication protocols), network software (including software architecture and applications such as directory services, call processing, and signaling), network hardware (including novel hardware architectures, novel network devices, and their usage), operations and management (including network planning and evolution, reliability, and survivability), measurements (including insights gained from operational networks and network tomography), and security (including network intrusion detection and control of the spread of malicious software). Application domains: telephony (circuit and packet, voice and video), all applications traditionally associated with worldwide packet networks (file transfer, e-mail, World Wide Web, streaming video, etc.), storage and data-centers, peer-to-peer file sharing, online social networks, cyber-physical systems (including distributed sensing, function computation over networks, and control over networks), etc. Interfaces with networks in other domains: including information dissemination and related distributed systems aspects of social networks, and biologically or nature-inspired techniques for communication networks, etc.", "submission_url": "", "homepage_url": "", "keywords": [], "oa_type": "subscription", "impact_like_score": 0.0, "review_time": "", "apc": 0.0}
{"journal_id": "toit", "journal_name": "ACM Transactions on Internet Technology", "publisher": "ACM", "subject_tags": ["计算机网络"], "ccf_rating": "B", "scope_text": "ACM Transactions on Internet Technology (TOIT) brings together many computing disciplines including computer software engineering, computer programming languages, middleware, database management, security, knowledge discovery and data mining, networking and distributed systems, communications, performance and scalability etc. TOIT will cover the results and roles of the individual disciplines and the relationshipsamong them.", "submission_url": "", "homepage_url": "", "keywords": [], "oa_type": "subscription", "impact_like_score": 0.0, "review_time": "", "apc": 0.0}
{"journal_id": "tomm", "journal_name": "ACM Transactions on Multimedia Computing, Communications and Applications", "publisher": "ACM", "subject_tags": ["计算机网络"], "ccf_rating": "B", "scope_text": "ACM Transactions on Multimedia Computing, Communications, and Applications (TOMM) focuses on multimedia computing (I/O devices, OS, storage systems, streaming media middleware, continuous media representations, media coding, media processing, etc.), multimedia communications (real-time protocols, end-to-end streaming media, resource allocation, multicast protocols, etc.), and multimedia applications (databases, distributed collaboration, video conferencing, 3D virtual environments, etc.). On 23rd May 2014, ACM TOMCCAP changed its acronym to ACM TOMM. This acronym change was the result of extensive discussions between the journal Editorial Board and SIGMM constituents dating back to 2011. This name change emphasizes the continued strong collaboration with the ACM Multimedia conference (ACMMM).", "submission_url": "", "homepage_url": "", "keywords": [], "oa_type": "subscription", "impact_like_score": 0.0, "review_time": "", "apc": 0.0}
{"journal_id": "tosn", "journal_name": "ACM Transactions on Sensor Networks", "publisher": "ACM", "subject_tags": ["计算机网络"], "ccf_rating": "B", "scope_text": "The ACM Transactions on Sensor Networks (TOSN) serves as a central, archival venue for the interdisciplinary sensor network research community. It covers research contributions that introduce new concepts, techniques, analyses, or architectures, as well as applied contributions that report on development of new tools and systems or experiences and experiments with high-impact, innovative applications. The Transactions places special attention to contributions on systemic approaches to sensor networks.", "submission_url": "", "homepage_url": "", "keywords": [], "oa_type": "subscription", "impact_like_score": 0.0, "review_time": "", "apc": 0.0}
{"journal_id": "cn", "journal_name": "Computer Networks", "publisher": "unknown", "subject_tags": ["计算机网络"], "ccf_rating": "B", "scope_text": "The International Journal of Computer and Telecommunications Networking Computer Networks is an international, archival journal providing a publication vehicle for complete coverage of all topics of interest to those involved in the computer communications networking area. The audience includes researchers, managers and operators of networks as well as designers and implementors. The Editorial Board will consider any material for publication that is of interest to those groups. SUBJECT COVERAGE The topics covered by the journal but not limited to these are: 1. Communication Network Architectures: New design contributions on Local Area Networks (LANs), Metropolitan Area Networks (MANs), Wide Area Networks (WANs) including Wired, Wireless, Mobile, Cellular, Sensor, Optical, IP, ATM, and other related network technologies, as well as new switching technologies and the integration of various networking paradigms. 2. Communication Network Protocols: New design contributions on all protocol layers except the Physical Layer, considering all types of networks mentioned above and their performance evaluation; novel protocols, methods and algorithms related to, e.g., medium access control, error control, routing, resource discovery, multicasting, congestion and flow control, scheduling, multimedia quality of service, as well as protocol specification, testing and verification. 3. Network Services and Applications: Web, Web caching, Web performance, Middleware and operating system support for all types of networking, electronic commerce, quality of service, new adaptive applications, and multimedia services. 4. Network Security and Privacy: Security protocols, authentication, denial of service, anonymity, smartcards, intrusion detection, key management, viruses and other malicious codes, information flow, data integrity, mobile code and agent security. 5. Network Operation and Management: Including network pricing, network system software, quality of service, signaling protocols, mobility management, power management and power control algorithms, network planning, network dimensioning, network reliability, network performance measurements, network modeling and analysis, and overall system management. 6. Discrete Algorithms and Discrete Modeling Algorithmic and discrete aspects in the context of computer networking as well as mobile and wireless computing and communications. Fostering cooperation among practitioners and theoreticians in this field.TYPES OF CONTRIBUTIONS CONSIDERED The primary purpose of the journal is to publish original and complete papers covering a specific topic or project in the above mentioned areas in sufficient detail and depth to be of practical use to interested readers. The readers should benefit from the novel solutions and analyses presented in the papers. Enhanced, extended versions of quality papers presented at conferences or workshops can be submitted to our journal for review. Note that papers which were already published with the same contents or simultaneous submission of the same paper to other journals or conferences will not be considered for publication in our journal and will be immediately rejected. Dataset Articles. Computer Networks also publishes micro-articles that describe open datasets available in a redacted and organized way. The purpose is for researchers to easily share and reuse each other's datasets by publishing data articles that: (i) Describe collected data in detail, facilitating reproducibility of experiments and improvements over proposed techniques, thus promoting rigorous experimentation and data analysis. (ii) Describe tools developed to collect, analyze, and visualize data. Open-Source Software Articles. Computer Networks additionally publishes micro-articles that describe open source software that has been used to obtain scholarly results in the area of computer networks. This may include articles describing discrete-event or other simulators, emulation tools, software implementations of networking and communication functionalities and protocols, standard implementations, monitoring tools, among others.", "submission_url": "", "homepage_url": "", "keywords": [], "oa_type": "subscription", "impact_like_score": 0.0, "review_time": "", "apc": 0.0}
{"journal_id": "tcom", "journal_name": "IEEE Transactions on Communications", "publisher": "IEEE", "subject_tags": ["计算机网络"], "ccf_rating": "B", "scope_text": "The IEEE Transactions on Communications publishes high-quality manuscripts on advances in the state-of-the-art of all telecommunications including telephone, telegraphy, facsimile, and television, by electromagnetic propagation including radio; wire; aerial; underground, coaxial, and submarine cables; waveguides, communication satellites, and lasers; in marine, aeronautical, space, and fixed station services; repeaters, radio relaying, signal storage, and regeneration; telecommunication error detection and correction; multiplexing and carrier techniques; communication switching systems; data communications; and communication theory.", "submission_url": "", "homepage_url": "", "keywords": [], "oa_type": "subscription", "impact_like_score": 0.0, "review_time": "", "apc": 0.0}
{"journal_id": "twc", "journal_name": "IEEE Transactions on Wireless Communications", "publisher": "IEEE", "subject_tags": ["计算机网络"], "ccf_rating": "B", "scope_text": "The IEEE Transactions on Wireless Communications publishes high-quality manuscripts on advances in the state-of-the-art of wireless communications. Both theoretical contributions (including new techniques, concepts, and analyses) and practical contributions (including system experiments and prototypes, and new applications) are encouraged. The general scope of the Transactions includes, but is not limited to, the following: Modulation and coding , Detection and estimation, Diversity techniques and equalization, Propagation and channel characterization, Fading countermeasures, Multiuser detection, Signal separation and interference rejection, DSP applications to wireless systems, Broadband wireless communications, Network architectures and protocols, with an emphasis on physical and link layer communication, Adaptive antennas for wireless systems, Multiple access techniques, Space-time processing , Synchronization techniques, Software radio, Resource allocation and interference management, Multirate and multicarrier communications, Security, privacy, and authentication, Experimental and prototype results, Systems and services including mobile satellites, wireless local loops, wireless LANs, wireless PBX, and PCS/cellular. In addition, papers on specific topics or on more non-traditional topics related to specific application areas, are encouraged. Examples include Simulation tools and methodologies for design, analysis, rapid prototyping, performance prediction, and cellular system engineering; Orthogonal frequency division multiplexing; MIMO systems, and Wireless over optical.", "submission_url": "", "homepage_url": "", "keywords": [], "oa_type": "subscription", "impact_like_score": 0.0, "review_time": "", "apc": 0.0}
{"journal_id": "adhocnetworks", "journal_name": "Ad hoc Networks", "publisher": "unknown", "subject_tags": ["计算机网络"], "ccf_rating": "C", "scope_text": "The Ad Hoc Networks is an international and archival journal providing a publication vehicle for complete coverage of all topics of interest to those involved in ad hoc and sensor networking areas. The Ad Hoc Networks considers original, high quality and unpublished contributions addressing all aspects of ad hoc and sensor networks. Specific areas of interest include, but are not limited to: Mobile and Wireless Ad Hoc Networks Sensor Networks Wireless Local and Personal Area Networks Home Networks Ad Hoc Networks of Autonomous Intelligent Systems Novel Architectures for Ad Hoc and Sensor Networks Self-organizing Network Architectures and Protocols Transport Layer Protocols Routing protocols (unicast, multicast, geocast, etc.) Media Access Control Techniques Error Control Schemes Power-Aware, Low-Power and Energy-Efficient Designs Synchronization and Scheduling Issues Mobility Management Mobility-Tolerant Communication Protocols Location Tracking and Location-based Services Resource and Information Management Security and Fault-Tolerance Issues Hardware and Software Platforms, Systems, and Testbeds Experimental and Prototype Results Quality-of-Service Issues Cross-Layer Interactions Scalability Issues Performance Analysis and Simulation of Protocols.", "submission_url": "", "homepage_url": "", "keywords": [], "oa_type": "subscription", "impact_like_score": 0.0, "review_time": "", "apc": 0.0}
{"journal_id": "cc", "journal_name": "Computer Communications", "publisher": "unknown", "subject_tags": ["计算机网络"], "ccf_rating": "C", "scope_text": "The International Journal for the Computer and Telecommunications Industry Computer and Communications networks are key infrastructures of the information society with high socio-economic value as they contribute to the correct operations of many critical services (from healthcare to finance and transportation). Internet is the core of today's computer-communication infrastructures. This has transformed the Internet, from a robust network for data transfer between computers, to a global, content-rich, communication and information system where contents are increasingly generated by the users, and distributed according to human social relations. Next-generation network technologies, architectures and protocols are therefore required to overcome the limitations of the legacy Internet and add new capabilities and services. The future Internet should be ubiquitous, secure, resilient, and closer to human communication paradigms. Computer Communications is a peer-reviewed international journal that publishes high-quality scientific articles (both theory and practice) and survey papers covering all aspects of future computer communication networks (on all layers, except the physical layer), with a special attention to the evolution of the Internet architecture, protocols, services, and applications. Topics include, but are not limited to: Internet of Things Edge/cloud computing Green networking Mobile and ubiquitous networks Terrestrial and Non-terrestrial networks Mobile network services and applications Experimental test-beds and research platforms Algorithmic aspects of communication networks Emerging technologies for next generation network Future Internet architecture, protocols and services Modeling, measurement, and simulation of computer communication networks.", "submission_url": "", "homepage_url": "", "keywords": [], "oa_type": "subscription", "impact_like_score": 0.0, "review_time": "", "apc": 0.0}
{"journal_id": "tnsm", "journal_name": "IEEE Transactions on Network and Service Management", "publisher": "IEEE", "subject_tags": ["计算机网络"], "ccf_rating": "C", "scope_text": "The IEEE Transactions on Network and Service Management publishes (online only) peer reviewed archival quality papers that advance the state-of-the-art and practical applications of network and service management. Theoretical research contributions (presenting new concepts and techniques) and applied contributions (reporting on experiences and experiments with actual systems) are encouraged. These transactions focus on the key technical issues related to: Management Models, Architectures and Frameworks; Service Provisioning, Reliability and Quality Assurance; Management Functions; Enabling Technologies; Information and Communication Models; Policies; Applications and Case Studies; Emerging Technologies and Standards.", "submission_url": "", "homepage_url": "", "keywords": [], "oa_type": "subscription", "impact_like_score": 0.0, "review_time": "", "apc": 0.0}
{"journal_id": "ietcommunications", "journal_name": "IET Communications", "publisher": "unknown", "subject_tags": ["计算机网络"], "ccf_rating": "C", "scope_text": "IET Communications covers the fundamental and generic research for a better understanding of communication technologies to harness the signals for better performing communication systems using various wired and/or wireless media. This journal is particularly interested in research papers reporting novel solutions to the dominating problems of noise, interference, timing and errors for reduction systems deficiencies such as wasting scarce resources such as spectra, energy and bandwidth.", "submission_url": "", "homepage_url": "", "keywords": [], "oa_type": "subscription", "impact_like_score": 0.0, "review_time": "", "apc": 0.0}
{"journal_id": "jnca", "journal_name": "Journal of Network and Computer Applications", "publisher": "unknown", "subject_tags": ["计算机网络"], "ccf_rating": "C", "scope_text": "The Journal of Network and Computer Applications welcomes research contributions, surveys and notes in all areas relating to computer networks and applications thereof. The following list of sample-topics is by no means to be understood as restricting contributions to the topics mentioned: new design techniques, interesting or novel applications, components or standards computer networks with tools such as WWW emerging standards for internet protocols Wireless networks Mobile Computing computing models such as cloud computing, grid computing network protocols such as sensor networks, delay tolerant networks, Internet of things applications of networked systems for remote collaboration and telemedicine applications of an educational, transactional and cooperational nature applications of security in computer and networks.", "submission_url": "", "homepage_url": "", "keywords": [], "oa_type": "subscription", "impact_like_score": 0.0, "review_time": "", "apc": 0.0}
{"journal_id": "monet", "journal_name": "Mobile Networks and Applications", "publisher": "unknown", "subject_tags": ["计算机网络"], "ccf_rating": "C", "scope_text": "Mobile Networks and Applications' technical scope covers mobility solutions that provide communication technologies and mobile services, which enables users to access resources and share information freely, anytime anywhere. The emerging symbiosis of wireless communication, the ever more powerful mobile devices, with the back-end resources of the cloud, making the user fully location independent. The journal addresses the convergence of mobility, computing and information organization, services and management. In approving Special Issues, the Journal places an equal emphasis on the various areas of nomadic computing, data management, related software and hardware technologies, and mobile user services, alongside more `classical' topics in wireless and mobile networking. The journal documents practical and theoretical results which make a fundamental contribution.", "submission_url": "", "homepage_url": "", "keywords": [], "oa_type": "subscription", "impact_like_score": 0.0, "review_time": "", "apc": 0.0}
{"journal_id": "networks", "journal_name": "Networks", "publisher": "unknown", "subject_tags": ["计算机网络"], "ccf_rating": "C", "scope_text": "Network problems are pervasive in our modern technological society, as witnessed by our reliance on physical networks that provide power, communication, and transportation. As well, a number of processes can be modeled using logical networks, as in the scheduling of interdependent tasks, the dating of archaeological artifacts, or the compilation of subroutines comprising a large computer program. Networks provide a common framework for posing and studying problems that often have wider applicability than their originating context. The goal of this journal is to provide a central forum for the distribution of timely information about network problems, their design and mathematical analysis, as well as efficient algorithms for carrying out optimization on networks. The nonstandard modeling of diverse processes using networks and network concepts is also of interest. Consequently, the disciplines that are useful in studying networks are varied, including applied mathematics, operations research, computer science, discrete mathematics, and economics. Networks publishes material on the analytic modeling of problems using networks, the mathematical analysis of network problems, the design of computationally eﬃcient network algorithms, and innovative case studies of successful network applications. We do not typically publish works that fall in the realm of pure graph theory (without signiﬁcant algorithmic and modeling contributions) or papers that deal with engineering aspects of network design. Since the audience for this journal is then necessarily broad, articles that impact multiple application areas or that creatively use new or existing methodologies are especially appropriate. We seek to publish original, well-written research papers that make a substantive contribution to the knowledge base. In addition, tutorial and survey articles are welcomed. All manuscripts are carefully refereed.", "submission_url": "", "homepage_url": "", "keywords": [], "oa_type": "subscription", "impact_like_score": 0.0, "review_time": "", "apc": 0.0}
{"journal_id": "ppna", "journal_name": "Peer-to-Peer Networking and Applications", "publisher": "unknown", "subject_tags": ["计算机网络"], "ccf_rating": "C", "scope_text": "The aim of the Peer-to-Peer Networking and Applications journal is to disseminate state-of-the-art research and development results in this rapidly growing research area, to facilitate the deployment of P2P networking and applications, and to bring together the academic and industry communities, with the goal of fostering interaction to promote further research interests and activities, thus enabling new P2P applications and services. The journal not only addresses research topics related to networking and communications theory, but also considers the standardization, economic, and engineering aspects of P2P technologies, and their impacts on software engineering, computer engineering, networked communication, and security. The journal serves as a forum for tackling the technical problems arising from both file sharing and media streaming applications. It also includes state-of-the-art technologies in the P2P security domain. Peer-to-Peer Networking and Applications publishes regular papers, tutorials and review papers, case studies, and correspondence from the research, development, and standardization communities. Papers addressing system, application, and service issues are encouraged.", "submission_url": "", "homepage_url": "", "keywords": [], "oa_type": "subscription", "impact_like_score": 0.0, "review_time": "", "apc": 0.0}
{"journal_id": "wcmc", "journal_name": "Wireless Communications and Mobile Computing", "publisher": "unknown", "subject_tags": ["计算机网络"], "ccf_rating": "C", "scope_text": "Presenting comprehensive coverage of this fast moving field, Wireless Communications and Mobile Computing provides the R&D communities working in academia and the telecommunications and networking industries with a forum for sharing research and ideas. The convergence of wireless communications and mobile computing is bringing together two areas of immense growth and innovation. This is reflected throughout the journal by strongly focusing on new trends, developments, emerging technologies and new industrial standards.", "submission_url": "", "homepage_url": "", "keywords": [], "oa_type": "subscription", "impact_like_score": 0.0, "review_time": "", "apc": 0.0}
{"journal_id": "wirelessnetworks", "journal_name": "Wireless Networks", "publisher": "unknown", "subject_tags": ["计算机网络"], "ccf_rating": "C", "scope_text": "The wireless communication revolution has brought fundamental changes to data networking, telecommunication, and has made integrated networks a reality. Wireless Networks focuses on the networking and user aspects of this field. It provides a single common and global forum for archival value contributions documenting these fast growing areas of interest. The journal publishes refereed articles dealing with research, experience and management issues of wireless networks. It allows readers to benefit from experience, problems and solutions described. Regularly addressed issues include: network architectures for personal communication systems, wireless LANS, radio, tactical and other wireless networks, design and analysis of protocols, network management and network performance, network services and service integration, nomadic computing, internets working with cable and other wireless networks, standardization and regulatory issues, specific system descriptions, applications and user interface, and enabling technologies for wireless networks.", "submission_url": "", "homepage_url": "", "keywords": [], "oa_type": "subscription", "impact_like_score": 0.0, "review_time": "", "apc": 0.0}
{"journal_id": "iot", "journal_name": "IEEE Internet of Things Journal", "publisher": "IEEE", "subject_tags": ["计算机网络"], "ccf_rating": "C", "scope_text": "IEEE Internet of Things (IoT) Journal publishes articles on the latest advances, as well as review articles, on the various aspects of IoT. Topics include IoT system architecture, IoT enabling technologies, IoT communication and networking protocols such as network coding, and IoT services and applications. Examples are IoT demands, impacts, and implications on sensors technologies, big data management, and future internet design for various IoT use cases, such as smart cities, smart environments, smart homes, etc. The fields of interest include: IoT architecture such as things-centric, data-centric, service-oriented IoT architecture; IoT enabling technologies and systematic integration such as sensor technologies, big sensor data management, and future Internet design for IoT; IoT services, applications, and test-beds such as IoT service middleware, IoT application programming interface (API), IoT application design, and IoT trials/experiments; IoT standardization activities and technology development in different standard development organizations (SDO) such as IEEE, IETF, ITU, 3GPP, ETSI, etc.", "submission_url": "", "homepage_url": "", "keywords": [], "oa_type": "subscription", "impact_like_score": 0.0, "review_time": "", "apc": 0.0}
{"journal_id": "tiot", "journal_name": "ACM Transactions on Internet of Things", "publisher": "ACM", "subject_tags": ["计算机网络"], "ccf_rating": "C", "scope_text": "ACM Transactions on Internet of Things (TIOT) is a new ACM journal that publishes novel research contributions and experience reports in several research domains whose synergy and interrelations enable the IoT vision. TIOT focuses on system designs, end-to-end architectures, and enabling technologies, and on publishing results and insights corroborated by a strong experimental component.", "submission_url": "", "homepage_url": "", "keywords": [], "oa_type": "subscription", "impact_like_score": 0.0, "review_time": "", "apc": 0.0}
{"journal_id": "tdsc", "journal_name": "IEEE Transactions on Dependable and Secure Computing", "publisher": "IEEE", "subject_tags": ["网络与信息安全"], "ccf_rating": "A", "scope_text": "IEEE Transactions on Dependable and Secure Computing (TDSC) publishes archival research results focusing on research into foundations, methodologies, and mechanisms that support the achievement–through design, modeling, and evaluation–of systems and networks that are dependable and secure to the desired degree without compromising performance. The focus also includes measurement, modeling, and simulation techniques, and foundations for jointly evaluating, verifying, and designing for performance, security, and dependability constraints.", "submission_url": "", "homepage_url": "", "keywords": [], "oa_type": "subscription", "impact_like_score": 0.0, "review_time": "", "apc": 0.0}
{"journal_id": "tifs", "journal_name": "IEEE Transactions on Information Forensics and Security", "publisher": "IEEE", "subject_tags": ["网络与信息安全"], "ccf_rating": "A", "scope_text": "The IEEE Transactions on Information Forensics and Security covers the sciences, technologies, and applications relating to information forensics, information security, biometrics, surveillance and systems applications that incorporate these features.", "submission_url": "", "homepage_url": "", "keywords": [], "oa_type": "subscription", "impact_like_score": 0.0, "review_time": "", "apc": 0.0}
{"journal_id": "journalofcryptology", "journal_name": "Journal of Cryptology", "publisher": "unknown", "subject_tags": ["网络与信息安全"], "ccf_rating": "A", "scope_text": "Journal of Cryptology provides a forum for original results in all areas of modern information security. Both cryptography and cryptanalysis are covered, including information theoretic and complexity theoretic perspectives as well as implementation, application, and standards issues. Illustrative topics include public key and conventional algorithms and their implementations, cryptanalytic attacks, pseudo-random sequences, computational number theory, cryptographic protocols, untraceability, privacy, authentication, key management and quantum cryptography. In addition to full-length technical, survey, and historical articles, short notes are acceptable.", "submission_url": "", "homepage_url": "", "keywords": [], "oa_type": "subscription", "impact_like_score": 0.0, "review_time": "", "apc": 0.0}
{"journal_id": "tops", "journal_name": "ACM Transactions on Privacy and Security", "publisher": "ACM", "subject_tags": ["网络与信息安全"], "ccf_rating": "B", "scope_text": "ACM Transactions on Privacy and Security (TOPS) (formerly known as TISSEC) publishes high-quality research results in the fields of information and system security and privacy. Studies addressing all aspects of these fields are welcomed, ranging from technologies, to systems and applications, to the crafting of policies. Topics of interest include: Security Technologies Fundamentals Secure Systems Privacy Methods Security and Privacy Applications Privacy and Security Policies.", "submission_url": "", "homepage_url": "", "keywords": [], "oa_type": "subscription", "impact_like_score": 0.0, "review_time": "", "apc": 0.0}
{"journal_id": "computerssecurity", "journal_name": "Computers & Security", "publisher": "unknown", "subject_tags": ["网络与信息安全"], "ccf_rating": "B", "scope_text": "The International Source of Innovation for the Information Security and IT Audit Professional Computers & Security is one of the most respected journals in IT security, being recognized worldwide as THE primary source of reference for IT security research and applications expertise. Computers & Security provides the IT security community with a unique blend of leading edge research and sound practical management advice. It is aimed at the professional involved with computer security, audit, control and data integrity in all sectors - industry, commerce and academia - helping the community build and operate fully secure systems and organisations. With its high-profile editorial board and informative regular features and columns, the journal is essential reading for IT security professionals around the world. Our cutting edge research will help you secure and maintain your systems We accept only the highest quality of papers ensuring that you receive the relevant and practical advice you need We don't only highlight the threats, we give you the solutions Cryptology: The journal's editorial scope has explicitly excluded cryptology since 2006. Therefore, submissions with some aspect of cryptology (including blockchains, watermarking, and steganography) as a principal component will not be considered for review. AI and ML: As of early 2024, we have instituted a moratorium on consideration of submissions that feature AI or ML as significant components. Thus, submissions about applying an AI/ML technique to system security and privacy topics will not be considered. Also, items directed to the security of AI/ML systems themselves (such as LLM and federated learning) are out of scope of the journal and should be submitted to a venue primarily about AI/ML.", "submission_url": "", "homepage_url": "", "keywords": [], "oa_type": "subscription", "impact_like_score": 0.0, "review_time": "", "apc": 0.0}
{"journal_id": "designscodesandcryptography", "journal_name": "Designs, Codes and Cryptography", "publisher": "unknown", "subject_tags": ["网络与信息安全"], "ccf_rating": "B", "scope_text": "Designs, Codes and Cryptography is an archival peer-reviewed technical journal publishing original research papers in the designated areas. There is a great deal of activity in design theory, coding theory and cryptography, including a substantial amount of research which brings together more than one of the subjects. While many journals exist for each of the individual areas, few encourage the interaction of the disciplines. The journal was founded to meet the needs of mathematicians, engineers and computer scientists working in these areas, whose interests extend beyond the bounds of any one of the individual disciplines. The journal provides a forum for high quality research in its three areas, with papers touching more than one of the areas especially welcome. The journal also considers high quality submissions in the closely related areas of finite fields and finite geometries, which provide important tools for both the construction and the actual application of designs, codes and cryptographic systems. In particular, it includes (mostly theoretical) papers on computational aspects of finite fields. It also considers topics in sequence design, which frequently admit equivalent formulations in the journal's main areas. Designs, Codes and Cryptography is mathematically oriented, emphasizing the algebraic and geometric aspects of the areas it covers. The journal considers high quality papers of both a theoretical and a practical nature, provided they contain a substantial amount of mathematics. The journal is published twelve times per year with distribution to mathematicians, engineers, computer scientists and others in education, industry and government. It appeals to those mathematicians with an interest in seeing deep theoretical results in discrete mathematics applied, to those engineers who appreciate the beauty and usefulness of discrete mathematics and to those computer scientists who are interested in data security, complexity issues and reliable data transmission and storage. The journal maintains strict refereeing procedures and no paper previously published in another journal, transactions or book will be considered. The journal also publishes a small number of survey articles but welcomes high quality surveys on major topics of current interest; such projects must be discussed with the Editors-in-Chief in advance. Submissions extending previously published conference papers are only considered if they provide a significant contribution beyond the conference paper and the overlap is described clearly at the beginning of the journal submission. Such submissions must be received after the conference has taken place and the proceedings have appeared, unless (exceptionally) agreed in advance with the editors-in-chief.", "submission_url": "", "homepage_url": "", "keywords": [], "oa_type": "subscription", "impact_like_score": 0.0, "review_time": "", "apc": 0.0}
{"journal_id": "jcs", "journal_name": "Journal of Computer Security", "publisher": "unknown", "subject_tags": ["网络与信息安全"], "ccf_rating": "B", "scope_text": "The Journal of Computer Security is an international academic journal dedicated to the field of computer security, providing a platform for researchers, scholars, security experts, and industry practitioners to exchange the latest research findings, technological advancements, and industry best practices. This journal is dedicated to exploring various issues related to computer security, information security, network security, privacy protection, and related fields in terms of theory, technology, and applications. Journal content typically includes original research papers, review articles, technical reports, case studies, and reviews, covering a wide range of topics such as encryption technology, intrusion detection systems, malware analysis, security protocols, privacy protection mechanisms, security policies and management, as well as security education and training. These contents not only focus on technological innovation and breakthroughs, but also on social, legal, and ethical considerations. The editorial team of a magazine is usually composed of renowned scholars and experts in the field, who are responsible for the editorial work of the journal, including article collection, peer review, and final publication. The journal adopts a strict peer review process to ensure that the published articles have high quality and academic value.", "submission_url": "", "homepage_url": "", "keywords": [], "oa_type": "subscription", "impact_like_score": 0.0, "review_time": "", "apc": 0.0}
{"journal_id": "cybersecurity", "journal_name": "Cybersecurity", "publisher": "unknown", "subject_tags": ["网络与信息安全"], "ccf_rating": "B", "scope_text": "This journal is aimed to systematically cover all essential aspects of cybersecurity, with a focus on reporting on cyberspace security issues, the latest research results, and real-world deployment of security technologies. The journal publishes research articles and reviews in the areas including, but not limited to: • Cryptography and its applications • Network and critical infrastructure security • Hardware security • Software and system security • Cybersecurity data analytics • Data-driven security and measurement studies • Adversarial reasoning • Malware analysis • Privacy-enhancing technologies and anonymity • IoT Security • AI Security.", "submission_url": "", "homepage_url": "", "keywords": [], "oa_type": "subscription", "impact_like_score": 0.0, "review_time": "", "apc": 0.0}
{"journal_id": "clsr", "journal_name": "Computer Law & Security Review", "publisher": "unknown", "subject_tags": ["网络与信息安全"], "ccf_rating": "C", "scope_text": "The Computer Law and Security Review (CLSR) is an international journal of technology law and practice providing a major platform for publication of high quality research, policy and legal analysis within the field of IT law and computer security. It has been published six times a year since 1985 under its founding Editor, Emeritus Professor Steve Saxby, who retired in 2018 after handing editorship over to Professor Sophie Stalla-Bourdillon. It is the leading journal of its kind in Europe and provides a robust peer reviewed medium and policy forum for dissemination of knowledge and discussion, supported by powerful Editorial and Professional Boards. CLSR is accessible to a wide range of academics, researchers, research institutes, companies, libraries and governmental and non-governmental organisations in both the public and private sectors as well as professionals in the legal, IT and related business sectors in more than 100 countries. It is available on ScienceDirect, the world's foremost provider of electronic scientific information to more than 16 million subscribers. CLSR authors come from leading academics, international specialists, legal professionals and early career researchers from many of the most renowned research centres and universities in the world. Contributors are also located in the major international law firms, specializing in technology law, who provide essential comment and analysis built upon widespread experience of applying IT law in practice. CLSR further welcomes policy analysis from legal specialists, the judiciary, professional and business organisations operating in IT and from those with regulatory responsibilities for information and communications technology from both the public and private sectors as it regularly contributes to consultations undertaken by the EU, Council of Europe and other bodies. Papers that reflect the outcomes of funded research e.g. from Research Councils or EU projects are welcomed. Submissions are welcomed from any part of the world. CLSR is looking for papers within the subject area that display good quality legal analysis, new lines of legal thought or policy development that go beyond mere description of Law or policy, however accurate that may be. CLSR publishes refereed academic and practitioner papers on a wide range of legal topics such as Internet law, telecoms regulation, intellectual property, cyber-crime, surveillance and security, e-commerce, outsourcing, data protection, ePrivacy, EU and public sector ICT policy, and many others. In addition it provides a regular update on European Union developments, and national news from more than 20 jurisdictions in both Europe and the Pacific Rim. All papers are then peer reviewed by relevant experts and feedback is given whether or not a paper is accepted or returned for further work. Submissions will normally be between 6,000-15,000 words although papers of a higher word length may also be submitted subject to negotiation with the Editor. The Editor's policy is to try and accommodate contributions of all sizes above the minimum threshold where length is dictated by the needs of the subject matter. Opinion pieces concerning policy, legislation or case law of a minimum of 2000 words and upwards will also be considered but these will appear as comment and not as feature articles. Please note that CLSR strongly encourages PhD students, who have not yet obtained their degree, not to submit papers unless accompanied by confirmation that the supervisor has seen the manuscript and is recommending it for publication. If the supervisor's approval can be provided, asserting that the draft manuscript has been reworked and developed with the journal's aims and expectations in mind, then it will be accepted for review.", "submission_url": "", "homepage_url": "", "keywords": [], "oa_type": "subscription", "impact_like_score": 0.0, "review_time": "", "apc": 0.0}
{"journal_id": "eurasipjournaloninformationsecurity", "journal_name": "EURASIP Journal on Information Security", "publisher": "unknown", "subject_tags": ["网络与信息安全"], "ccf_rating": "C", "scope_text": "Journal on Information Security publishes original research and surveys addressing security and privacy challenges in which signal processing and data-centric methodologies play a central role. The Journal serves as a forum for work that combines theoretical foundations, algorithmic development, and system-level evaluation, particularly in settings involving noisy, partial, or adversarial data. The journal seeks contributions that advance the state of the art in areas including, but not limited to: Signal processing methods for security and privacy Adversarial detection, inference, and classification Robust and trustworthy machine learning grounded in signal and data representations Security and privacy of sensing systems and cyber-physical systems Biometrics, multimedia security, and forensic signal analysis Side channel analysis and signal level countermeasures Privacy-preserving signal and data analysis techniques Measurement-based security and large-scale data-driven security analysis Submissions are expected to demonstrate clear methodological contributions, sound experimental validation, and relevance to contemporary security or privacy problems.", "submission_url": "", "homepage_url": "", "keywords": [], "oa_type": "subscription", "impact_like_score": 0.0, "review_time": "", "apc": 0.0}
{"journal_id": "ietinformationsecurity", "journal_name": "IET Information Security", "publisher": "unknown", "subject_tags": ["网络与信息安全"], "ccf_rating": "C", "scope_text": "IET Information Security publishes original research papers in the following areas of information security and cryptography. Submitting authors should specify clearly in their covering statement the area into which their paper falls. Scope: Access Control and Database Security Ad-Hoc Network Aspects Anonymity and E-Voting Authentication Block Ciphers and Hash Functions Blockchain, Bitcoin (Technical aspects only) Broadcast Encryption and Traitor Tracing Combinatorial Aspects Covert Channels and Information Flow Critical Infrastructures Cryptanalysis Dependability Digital Rights Management Digital Signature Schemes Digital Steganography Economic Aspects of Information Security Elliptic Curve Cryptography and Number Theory Embedded Systems Aspects Embedded Systems Security and Forensics Financial Cryptography Firewall Security Formal Methods and Security Verification Human Aspects Information Warfare and Survivability Intrusion Detection Java and XML Security Key Distribution Key Management Malware Multi-Party Computation and Threshold Cryptography Peer-to-peer Security PKIs Public-Key and Hybrid Encryption Quantum Cryptography Risks of using Computers Robust Networks Secret Sharing Secure Electronic Commerce Software Obfuscation Stream Ciphers Trust Models Watermarking and Fingerprinting.", "submission_url": "", "homepage_url": "", "keywords": [], "oa_type": "subscription", "impact_like_score": 0.0, "review_time": "", "apc": 0.0}
{"journal_id": "imcs", "journal_name": "Information and Computer Security", "publisher": "unknown", "subject_tags": ["网络与信息安全"], "ccf_rating": "C", "scope_text": "The journal of Information And Computer Security has been recognized in the academic circle for its professionalism and depth, and it provides a platform for researchers and practitioners in the field of information security to exchange the latest research results and practical experience. The content of this journal not only covers the basic theory of information security, but also delves into the latest developments in information security technology, including but not limited to key areas such as encryption technology, network security, data protection, and identity authentication. The journal encourages interdisciplinary research, integrating perspectives from computer science, management, law, psychology and other disciplines to comprehensively analyze information security issues. This multi-perspective approach helps to uncover the complexity of information security issues and propose more comprehensive and innovative solutions. The journal also pays special attention to the application of information security at the organizational level, including the formulation of security policy, the cultivation of security culture, and the implementation of security governance. These contents are essential to help organizations establish an effective information security management system.", "submission_url": "", "homepage_url": "", "keywords": [], "oa_type": "subscription", "impact_like_score": 0.0, "review_time": "", "apc": 0.0}
{"journal_id": "ijics", "journal_name": "International Journal of Information and Computer Security", "publisher": "unknown", "subject_tags": ["网络与信息安全"], "ccf_rating": "C", "scope_text": "Information and computer security are especially significant with the ubiquity of the internet and the rise of high-speed broadband networks. Information sharing among network users has caused countless invasions of privacy and security worldwide, with hackers demanding ransoms from organisations. This risk has generated enormous concern about security among internet users. IJICS is a double-blind refereed and authoritative reference which addresses information and computer security in computer/mobile networks. High-quality case studies, applications, novel ideas and survey papers are welcome.", "submission_url": "", "homepage_url": "", "keywords": [], "oa_type": "subscription", "impact_like_score": 0.0, "review_time": "", "apc": 0.0}
{"journal_id": "ijisp", "journal_name": "International Journal of Information Security and Privacy", "publisher": "unknown", "subject_tags": ["网络与信息安全"], "ccf_rating": "C", "scope_text": "As information technology and the Internet become more and more ubiquitous and pervasive in our daily lives, there is an essential need for a more thorough understanding of information security and privacy issues and concerns. The International Journal of Information Security and Privacy (IJISP) creates and fosters a forum where research in the theory and practice of information security and privacy is advanced. IJISP publishes high quality papers dealing with a wide range of issues, ranging from technical, legal, regulatory, organizational, managerial, cultural, ethical and human aspects of information security and privacy, through a balanced mix of theoretical and empirical research articles, case studies, book reviews, tutorials, and editorials. This journal encourages submission of manuscripts that present research frameworks, methods, methodologies, theory development and validation, case studies, simulation results and analysis, technological architectures, infrastructure issues in design, and implementation and maintenance of secure and privacy preserving initiatives.", "submission_url": "", "homepage_url": "", "keywords": [], "oa_type": "subscription", "impact_like_score": 0.0, "review_time": "", "apc": 0.0}
{"journal_id": "jisa", "journal_name": "Journal of Information Security and Applications", "publisher": "unknown", "subject_tags": ["网络与信息安全"], "ccf_rating": "C", "scope_text": "Journal of Information Security and Applications (JISA) focuses on the original research and practice-driven applications with relevance to information security and applications. JISA provides a common linkage between a vibrant scientific and research community and industry professionals by offering a clear view on modern problems and challenges in information security, as well as identifying promising scientific and ''best-practice'' solutions. JISA issues offer a balance between original research work and innovative industrial approaches by internationally renowned information security experts and researchers.", "submission_url": "", "homepage_url": "", "keywords": [], "oa_type": "subscription", "impact_like_score": 0.0, "review_time": "", "apc": 0.0}
{"journal_id": "scn", "journal_name": "Security and Communication Networks", "publisher": "unknown", "subject_tags": ["网络与信息安全"], "ccf_rating": "C", "scope_text": "Security and Communication Networks is an international journal publishing original research and review papers on all security areas including network security, cryptography, cyber security, etc. The emphasis is on security protocols, approaches and techniques applied to all types of information and communication networks, including wired, wireless and optical transmission platforms.", "submission_url": "", "homepage_url": "", "keywords": [], "oa_type": "subscription", "impact_like_score": 0.0, "review_time": "", "apc": 0.0}
{"journal_id": "hcc", "journal_name": "High-Confidence Computing", "publisher": "unknown", "subject_tags": ["网络与信息安全"], "ccf_rating": "C", "scope_text": "The High-Confidence Computing Journal is dedicated to publish articles covering fundamental research outcomes that fusion the three domains of secure computing, precise computing, and intelligent computing, as well as complex system designs that jointly consider the properties of secure and trusted hardware/software, precise and process-traceable algorithms, and self-evolving systems that can adapt to new environments and support new applications.", "submission_url": "", "homepage_url": "", "keywords": [], "oa_type": "subscription", "impact_like_score": 0.0, "review_time": "", "apc": 0.0}
{"journal_id": "toplas", "journal_name": "ACM Transactions on Programming Languages and Systems", "publisher": "ACM", "subject_tags": ["软件工程/系统软件/程序设计语言"], "ccf_rating": "A", "scope_text": "The scope of TOPLAS is broad, covering all aspects of programming languages and systems, including foundational principles, design, implementation, and applications. Areas of interest include, but are not limited to: Programming language paradigms, design, implementation; Compiler construction and optimization; Runtime systems and execution environments; Memory management and garbage collection; Type systems and static analysis; Formal semantics and reasoning; Program verification and proof; Dynamic analysis, testing and debugging; Languages and methods for reliability and safety; Program synthesis and transformation; Concurrency and parallelism; Programming for distributed and heterogeneous systems; Security and privacy in programming languages; Performance analysis and optimization; Domain-specific and embedded languages; Metaprogramming and reflection; Programming language support for machine learning and artificial intelligence; Human and social aspects of programming languages; Programming environments and tools; Empirical and data-driven studies of programming languages.", "submission_url": "", "homepage_url": "", "keywords": [], "oa_type": "subscription", "impact_like_score": 0.0, "review_time": "", "apc": 0.0}
{"journal_id": "tosem", "journal_name": "ACM Transactions on Software Engineering and Methodology", "publisher": "ACM", "subject_tags": ["软件工程/系统软件/程序设计语言"], "ccf_rating": "A", "scope_text": "The scope of TOSEM includes models, languages, methods, mechanisms, and tools for the elaboration, evaluation, and evolution of products and processes all along the software lifecycle, from requirements specification to software maintenance. Formal and experimental approaches are both in the scope of TOSEM.", "submission_url": "", "homepage_url": "", "keywords": [], "oa_type": "subscription", "impact_like_score": 0.0, "review_time": "", "apc": 0.0}
{"journal_id": "tse", "journal_name": "IEEE Transactions on Software Engineering", "publisher": "IEEE", "subject_tags": ["软件工程/系统软件/程序设计语言"], "ccf_rating": "A", "scope_text": "IEEE Transactions on Software Engineering is interested in well-defined theoretical results and empirical studies that have potential impact on the construction, analysis, or management of software. The scope of this Transactions ranges from the mechanisms through the development of principles to the application of those principles to specific environments.", "submission_url": "", "homepage_url": "", "keywords": [], "oa_type": "subscription", "impact_like_score": 0.0, "review_time": "", "apc": 0.0}
{"journal_id": "tsc", "journal_name": "IEEE Transactions on Services Computing", "publisher": "IEEE", "subject_tags": ["软件工程/系统软件/程序设计语言"], "ccf_rating": "A", "scope_text": "IEEE Transactions on Services Computing emphasizes the algorithmic, mathematical, statistical and computational methods that are central in services computing; the emerging field of Service Oriented Architecture, Web Services, Business Process Integration, Solution Performance Management, Services Operations and Management.", "submission_url": "", "homepage_url": "", "keywords": [], "oa_type": "subscription", "impact_like_score": 0.0, "review_time": "", "apc": 0.0}
{"journal_id": "ase", "journal_name": "Automated Software Engineering", "publisher": "unknown", "subject_tags": ["软件工程/系统软件/程序设计语言"], "ccf_rating": "B", "scope_text": "Automated Software Engineering is an archival, peer-reviewed journal publishing research, tutorial papers, survey and accounts of significant industrial experience in the foundations, techniques, tools and applications of automated software engineering technology. This includes the study of techniques for constructing, understanding, adapting, and modelling software artifacts and processes. Both automatic systems and collaborative systems are within the scope of the journal, as are computational models of human software engineering activities.", "submission_url": "", "homepage_url": "", "keywords": [], "oa_type": "subscription", "impact_like_score": 0.0, "review_time": "", "apc": 0.0}
{"journal_id": "ese", "journal_name": "Empirical Software Engineering", "publisher": "unknown", "subject_tags": ["软件工程/系统软件/程序设计语言"], "ccf_rating": "B", "scope_text": "Empirical Software Engineering provides a forum for applied software engineering research with a strong empirical component, and a venue for publishing empirical results relevant to both researchers and practitioners. Empirical studies presented here usually involve the collection and analysis of data and experience that can be used to characterize, evaluate and reveal relationships between software development deliverables, practices, and technologies.", "submission_url": "", "homepage_url": "", "keywords": [], "oa_type": "subscription", "impact_like_score": 0.0, "review_time": "", "apc": 0.0}
{"journal_id": "iets", "journal_name": "IET Software", "publisher": "unknown", "subject_tags": ["软件工程/系统软件/程序设计语言"], "ccf_rating": "B", "scope_text": "IET Software publishes original research and review articles on all aspects of the software lifecycle, including design, development, implementation and maintenance. The focus of the journal is on the methods used to develop and maintain software, and their practical application.", "submission_url": "", "homepage_url": "", "keywords": [], "oa_type": "subscription", "impact_like_score": 0.0, "review_time": "", "apc": 0.0}
{"journal_id": "ist", "journal_name": "Information and Software Technology", "publisher": "unknown", "subject_tags": ["软件工程/系统软件/程序设计语言"], "ccf_rating": "B", "scope_text": "Information and Software Technology is the international archival journal focusing on research and experience that contributes to the improvement of software development practices. The journal's scope includes methods and techniques to better engineer software and manage its development.", "submission_url": "", "homepage_url": "", "keywords": [], "oa_type": "subscription", "impact_like_score": 0.0, "review_time": "", "apc": 0.0}
{"journal_id": "jfp", "journal_name": "Journal of Functional Programming", "publisher": "unknown", "subject_tags": ["软件工程/系统软件/程序设计语言"], "ccf_rating": "B", "scope_text": "Journal of Functional Programming is the only journal devoted solely to the design, implementation, and application of functional programming languages, spanning the range from mathematical theory to industrial practice. Topics covered include functional languages and extensions, implementation techniques, reasoning and proof, program transformation and synthesis, type systems, type theory, language-based security, memory management, parallelism and applications.", "submission_url": "", "homepage_url": "", "keywords": [], "oa_type": "subscription", "impact_like_score": 0.0, "review_time": "", "apc": 0.0}
{"journal_id": "journalofsoftwareevolutionandprocess", "journal_name": "Journal of Software: Evolution and Process", "publisher": "unknown", "subject_tags": ["软件工程/系统软件/程序设计语言"], "ccf_rating": "B", "scope_text": "The “Journal of Software: Evolution and Process” is an archival journal that publishes high quality, state-of-the-art research and practice papers dealing with the conception, development, testing, management, quality, maintenance, and evolution of software, systems, and services, as well as the continuous improvement of processes and capabilities surrounding them.", "submission_url": "", "homepage_url": "", "keywords": [], "oa_type": "subscription", "impact_like_score": 0.0, "review_time": "", "apc": 0.0}
{"journal_id": "jss", "journal_name": "Journal of Systems and Software", "publisher": "unknown", "subject_tags": ["软件工程/系统软件/程序设计语言"], "ccf_rating": "B", "scope_text": "The Journal of Systems and Software publishes papers covering all aspects of software engineering. All articles should provide evidence to support their claims, e.g. through empirical studies, simulation, formal proofs or other types of validation.", "submission_url": "", "homepage_url": "", "keywords": [], "oa_type": "subscription", "impact_like_score": 0.0, "review_time": "", "apc": 0.0}
{"journal_id": "re", "journal_name": "Requirements Engineering", "publisher": "unknown", "subject_tags": ["软件工程/系统软件/程序设计语言"], "ccf_rating": "B", "scope_text": "The journal provides a focus for the dissemination of new results about the elicitation, representation and validation of requirements of software intensive information systems or applications.", "submission_url": "", "homepage_url": "", "keywords": [], "oa_type": "subscription", "impact_like_score": 0.0, "review_time": "", "apc": 0.0}
{"journal_id": "scp", "journal_name": "Science of Computer Programming", "publisher": "unknown", "subject_tags": ["软件工程/系统软件/程序设计语言"], "ccf_rating": "B", "scope_text": "Science of Computer Programming is dedicated to the distribution of research results in the areas of software systems development, use and maintenance, including the software aspects of hardware design. The journal has a wide scope ranging from the many facets of methodological foundations to the details of technical issues and the aspects of industrial practice.", "submission_url": "", "homepage_url": "", "keywords": [], "oa_type": "subscription", "impact_like_score": 0.0, "review_time": "", "apc": 0.0}
{"journal_id": "sosym", "journal_name": "Software and Systems Modeling", "publisher": "unknown", "subject_tags": ["软件工程/系统软件/程序设计语言"], "ccf_rating": "B", "scope_text": "Software and System Modeling (SoSyM) is a quarterly international journal that focuses on theoretical and practical issues in the development and application of software and system modeling languages, techniques, and methods, such as the Unified Modeling Language.", "submission_url": "", "homepage_url": "", "keywords": [], "oa_type": "subscription", "impact_like_score": 0.0, "review_time": "", "apc": 0.0}
{"journal_id": "stvr", "journal_name": "Software Testing, Verification and Reliability", "publisher": "unknown", "subject_tags": ["软件工程/系统软件/程序设计语言"], "ccf_rating": "B", "scope_text": "Software Testing, Verification and Reliability publishes papers that use theory, practice and empirical work to provide techniques for testing, verifying and improving the reliability of software, as well as survey papers summarising current research in our field.", "submission_url": "", "homepage_url": "", "keywords": [], "oa_type": "subscription", "impact_like_score": 0.0, "review_time": "", "apc": 0.0}
{"journal_id": "spe", "journal_name": "Software: Practice and Experience", "publisher": "unknown", "subject_tags": ["软件工程/系统软件/程序设计语言"], "ccf_rating": "B", "scope_text": "Software: Practice and Experience is an internationally respected and rigorously refereed vehicle for the dissemination and discussion of practical experience with new and established software for both systems and applications. As the journal's name suggests, the focus is on practice and experience with software itself.", "submission_url": "", "homepage_url": "", "keywords": [], "oa_type": "subscription", "impact_like_score": 0.0, "review_time": "", "apc": 0.0}
{"journal_id": "cl", "journal_name": "Computer Languages, Systems and Structures", "publisher": "unknown", "subject_tags": ["软件工程/系统软件/程序设计语言"], "ccf_rating": "C", "scope_text": "Computer Languages, Systems and Structures welcomes papers on all aspects of the design, implementation and use of programming languages, from theory to practice.", "submission_url": "", "homepage_url": "", "keywords": [], "oa_type": "subscription", "impact_like_score": 0.0, "review_time": "", "apc": 0.0}
{"journal_id": "ijseke", "journal_name": "International Journal of Software Engineering and Knowledge Engineering", "publisher": "unknown", "subject_tags": ["软件工程/系统软件/程序设计语言"], "ccf_rating": "C", "scope_text": "The International Journal of Software Engineering and Knowledge Engineering is intended to serve as a forum for researchers, practitioners, and developers to exchange ideas and results for the advancement of software engineering and knowledge engineering.", "submission_url": "", "homepage_url": "", "keywords": [], "oa_type": "subscription", "impact_like_score": 0.0, "review_time": "", "apc": 0.0}
{"journal_id": "sttt", "journal_name": "International Journal of Software Tools for Technology Transfer", "publisher": "unknown", "subject_tags": ["软件工程/系统软件/程序设计语言"], "ccf_rating": "C", "scope_text": "The International Journal on Software Tools for Technology Transfer (STTT) provides a forum discussing all aspects of tools that aid in the development of computer systems. STTT focuses on three major technical themes: construction and analysis issues; practicality issues; and generic tool issues.", "submission_url": "", "homepage_url": "", "keywords": [], "oa_type": "subscription", "impact_like_score": 0.0, "review_time": "", "apc": 0.0}
{"journal_id": "jlamp", "journal_name": "Journal of Logical and Algebraic Methods in Programming", "publisher": "unknown", "subject_tags": ["软件工程/系统软件/程序设计语言"], "ccf_rating": "C", "scope_text": "The Journal of Logical and Algebraic Methods in Programming focuses on the foundations and the application of logical, algebraic and categorical methods to programming and to the development of trustworthy computing systems.", "submission_url": "", "homepage_url": "", "keywords": [], "oa_type": "subscription", "impact_like_score": 0.0, "review_time": "", "apc": 0.0}
{"journal_id": "jwe", "journal_name": "Journal of Web Engineering", "publisher": "unknown", "subject_tags": ["软件工程/系统软件/程序设计语言"], "ccf_rating": "C", "scope_text": "The Journal of Web Engineering (JWE) aims to provide a forum for advancing the scientific state of knowledge in all areas of Web Engineering. Original articles, survey articles, reviews, tutorials, perspectives, and general correspondence are all welcome.", "submission_url": "", "homepage_url": "", "keywords": [], "oa_type": "subscription", "impact_like_score": 0.0, "review_time": "", "apc": 0.0}
{"journal_id": "soca", "journal_name": "Service Oriented Computing and Applications", "publisher": "unknown", "subject_tags": ["软件工程/系统软件/程序设计语言"], "ccf_rating": "C", "scope_text": "Service Oriented Computing and Applications focuses on the issues and research results related to the development of service-oriented technology, including service infrastructures, theoretical foundations and their applications and experiences in service-oriented computing.", "submission_url": "", "homepage_url": "", "keywords": [], "oa_type": "subscription", "impact_like_score": 0.0, "review_time": "", "apc": 0.0}
{"journal_id": "sqj", "journal_name": "Software Quality Journal", "publisher": "unknown", "subject_tags": ["软件工程/系统软件/程序设计语言"], "ccf_rating": "C", "scope_text": "The Software Quality Journal addresses all aspects of software quality from both a practical and an academic viewpoint. It publishes contributions from practitioners and academics, as well as national and international policy and standard making bodies, and sets out to be the definitive international reference source for such information.", "submission_url": "", "homepage_url": "", "keywords": [], "oa_type": "subscription", "impact_like_score": 0.0, "review_time": "", "apc": 0.0}
{"journal_id": "tplp", "journal_name": "Theory and Practice of Logic Programming", "publisher": "unknown", "subject_tags": ["软件工程/系统软件/程序设计语言"], "ccf_rating": "C", "scope_text": "Theory and Practice of Logic Programming emphasizes both the theory and practice of logic programming. Logic programming applies to all areas of artificial intelligence and computer science and is fundamental to them. Among the topics covered are AI applications that use logic programming, logic programming methodologies, specification, analysis and verification of systems.", "submission_url": "", "homepage_url": "", "keywords": [], "oa_type": "subscription", "impact_like_score": 0.0, "review_time": "", "apc": 0.0}
{"journal_id": "pacm_pl", "journal_name": "Proceedings of the ACM on Programming Languages", "publisher": "ACM", "subject_tags": ["软件工程/系统软件/程序设计语言"], "ccf_rating": "C", "scope_text": "Proceedings of the ACM on Programming Languages (PACMPL) is an Open Access journal publishing research on all aspects of programming languages, from design to implementation and from mathematical formalisms to empirical studies.", "submission_url": "", "homepage_url": "", "keywords": [], "oa_type": "subscription", "impact_like_score": 0.0, "review_time": "", "apc": 0.0}
{"journal_id": "tods", "journal_name": "ACM Transactions on Database Systems", "publisher": "ACM", "subject_tags": ["数据库/数据挖掘/内容检索"], "ccf_rating": "A", "scope_text": "The aim of ACM Transactions on Database Systems (TODS) is to serve as a focal point for an integrated dissemination of database research and development on storage and processor hardware, system software, applications, information science, information analysis, and file management. The scope of TODS emphasizes data structures; storage organization; data collection and dissemination; search and retrieval strategies.", "submission_url": "", "homepage_url": "", "keywords": [], "oa_type": "subscription", "impact_like_score": 0.0, "review_time": "", "apc": 0.0}
{"journal_id": "tois", "journal_name": "ACM Transactions on Information Systems", "publisher": "ACM", "subject_tags": ["数据库/数据挖掘/内容检索"], "ccf_rating": "A", "scope_text": "ACM Transactions on Information Systems (TOIS) publishes papers on information retrieval (such as search engines, recommender systems, conversational search agents) that contain ... The information retrieval scope of ACM Transactions on Information Systems (TOIS) appeals to industry practitioners for its wealth of creative ideas, and to academic researchers for its descriptions of their colleagues'' work.", "submission_url": "", "homepage_url": "", "keywords": [], "oa_type": "subscription", "impact_like_score": 0.0, "review_time": "", "apc": 0.0}
{"journal_id": "tkde", "journal_name": "IEEE Transactions on Knowledge and Data Engineering", "publisher": "IEEE", "subject_tags": ["数据库/数据挖掘/内容检索"], "ccf_rating": "A", "scope_text": "The scope of the IEEE Transactions on Knowledge and Data Engineering includes the knowledge and data engineering aspects of computer science, artificial intelligence, electrical engineering, computer engineering, and other appropriate fields. Specific topics include, but are not limited to: (a) knowledge discovery and data mining, (b) data modeling and management, (c) underlying computational platforms for knowledge and data engineering tools, techniques and systems, and (d) emerging knowledge and data engineering applications.", "submission_url": "", "homepage_url": "", "keywords": [], "oa_type": "subscription", "impact_like_score": 0.0, "review_time": "", "apc": 0.0}
{"journal_id": "vldbj", "journal_name": "The VLDB Journal", "publisher": "unknown", "subject_tags": ["数据库/数据挖掘/内容检索"], "ccf_rating": "A", "scope_text": "The VLDB Journal is dedicated to the publication of scholarly contributions to the advancement of information system architectures, the impact of technological advancements on information systems, and the development of novel database applications. Its scope ranges from the development of special-purpose hardware, the design of innovative software approaches, integrated system architectures, the design analysis and performance evaluation of systems to new techniques for presenting and capturing information.", "submission_url": "", "homepage_url": "", "keywords": [], "oa_type": "subscription", "impact_like_score": 0.0, "review_time": "", "apc": 0.0}
{"journal_id": "tkdd", "journal_name": "ACM Transactions on Knowledge Discovery from Data", "publisher": "ACM", "subject_tags": ["数据库/数据挖掘/内容检索"], "ccf_rating": "B", "scope_text": "TKDD welcomes papers on a full range of research in the knowledge discovery and analysis of diverse forms of data. It encompasses the development, formalization, and validation of abstractions and models to describe data mining applications and the design and implementation methods for knowledge discovery and automated analysis of large amount of data.", "submission_url": "", "homepage_url": "", "keywords": [], "oa_type": "subscription", "impact_like_score": 0.0, "review_time": "", "apc": 0.0}
{"journal_id": "tweb", "journal_name": "ACM Transactions on the Web", "publisher": "ACM", "subject_tags": ["数据库/数据挖掘/内容检索"], "ccf_rating": "B", "scope_text": "Transactions on the Web (TWEB) is a journal publishing refereed articles reporting the results of research on Web content, applications, use, and related enabling technologies. Topics in the scope of TWEB include but are not limited to: Browsers and Web Interfaces; Electronic Commerce; Electronic Publishing; Hypertext and Hypermedia; Semantic Web; Web Engineering; Web Services; and Service-Oriented Computing XML.", "submission_url": "", "homepage_url": "", "keywords": [], "oa_type": "subscription", "impact_like_score": 0.0, "review_time": "", "apc": 0.0}
{"journal_id": "aei", "journal_name": "Advanced Engineering Informatics", "publisher": "unknown", "subject_tags": ["数据库/数据挖掘/内容检索"], "ccf_rating": "B", "scope_text": "Advanced Engineering Informatics solicits research papers with particular emphases both on ''knowledge'' and ''engineering applications''. As an international Journal, original papers typically: Report progress in the engineering discipline of applying methods of engineering informatics.", "submission_url": "", "homepage_url": "", "keywords": [], "oa_type": "subscription", "impact_like_score": 0.0, "review_time": "", "apc": 0.0}
{"journal_id": "dke", "journal_name": "Data & Knowledge Engineering", "publisher": "unknown", "subject_tags": ["数据库/数据挖掘/内容检索"], "ccf_rating": "B", "scope_text": "The major aim of the journal is to identify, investigate and analyze the underlying principles in the design and effective use of these systems. DKE achieves this aim by publishing original research results, technical advances and news items concerning data engineering, knowledge engineering, and the interface of these two fields.", "submission_url": "", "homepage_url": "", "keywords": [], "oa_type": "subscription", "impact_like_score": 0.0, "review_time": "", "apc": 0.0}
{"journal_id": "dmkd", "journal_name": "Data Mining and Knowledge Discovery", "publisher": "unknown", "subject_tags": ["数据库/数据挖掘/内容检索"], "ccf_rating": "B", "scope_text": "The journal publishes original technical papers in both the research and practice of data mining and knowledge discovery, surveys and tutorials of important areas and techniques, and detailed descriptions of significant applications. Coverage includes: Theory and Foundational Issues - Data Mining Methods - Algorithms for Data Mining - Knowledge Discovery Process.", "submission_url": "", "homepage_url": "", "keywords": [], "oa_type": "subscription", "impact_like_score": 0.0, "review_time": "", "apc": 0.0}
{"journal_id": "ejis", "journal_name": "European Journal of Information Systems", "publisher": "unknown", "subject_tags": ["数据库/数据挖掘/内容检索"], "ccf_rating": "B", "scope_text": "The European Journal of Information Systems provides a distinctive European perspective on the theory and practice of information systems for a global audience. We encourage first rate research articles by academics, but also case studies and reflective articles by practitioners.", "submission_url": "", "homepage_url": "", "keywords": [], "oa_type": "subscription", "impact_like_score": 0.0, "review_time": "", "apc": 0.0}
{"journal_id": "geoinformatica", "journal_name": "GeoInformatica", "publisher": "unknown", "subject_tags": ["数据库/数据挖掘/内容检索"], "ccf_rating": "B", "scope_text": "This journal aims to promote the most innovative results coming from the research in the field of computer science applied to geographic information systems. GeoInformatica covers spatial modeling and databases; human-computer interfaces for GIS; digital cartography; space imagery; parallelism, distribution and communication through GIS; spatio-temporal reasoning and more.", "submission_url": "", "homepage_url": "", "keywords": [], "oa_type": "subscription", "impact_like_score": 0.0, "review_time": "", "apc": 0.0}
{"journal_id": "ipm", "journal_name": "Information Processing and Management", "publisher": "unknown", "subject_tags": ["数据库/数据挖掘/内容检索"], "ccf_rating": "B", "scope_text": "Information Processing and Management publishes cutting-edge original research at the intersection of computing and information science concerning theory, methods, or applications in a range of domains, including but not limited to advertising, business, health, information science, information technology marketing, and social computing.", "submission_url": "", "homepage_url": "", "keywords": [], "oa_type": "subscription", "impact_like_score": 0.0, "review_time": "", "apc": 0.0}
{"journal_id": "informationsciences", "journal_name": "Information Sciences", "publisher": "unknown", "subject_tags": ["数据库/数据挖掘/内容检索"], "ccf_rating": "B", "scope_text": "Information Sciences publishes original, innovative and creative research results in information, knowledge engineering and intelligent systems. Topics include: Foundations of Information Science: Information Theory, Mathematical Linguistics, Automata Theory, Cognitive Science, Theories of Qualitative Behaviour, Artificial Intelligence, Computational Intelligence.", "submission_url": "", "homepage_url": "", "keywords": [], "oa_type": "subscription", "impact_like_score": 0.0, "review_time": "", "apc": 0.0}
{"journal_id": "is", "journal_name": "Information Systems", "publisher": "unknown", "subject_tags": ["数据库/数据挖掘/内容检索"], "ccf_rating": "B", "scope_text": "Information systems are the software and hardware systems that support data-intensive applications. The journal Information Systems publishes articles concerning the design and implementation of languages, data models, process models, algorithms, software and hardware for information systems.", "submission_url": "", "homepage_url": "", "keywords": [], "oa_type": "subscription", "impact_like_score": 0.0, "review_time": "", "apc": 0.0}
{"journal_id": "jasist", "journal_name": "Journal of the Association for Information Science and Technology", "publisher": "unknown", "subject_tags": ["数据库/数据挖掘/内容检索"], "ccf_rating": "B", "scope_text": "The Journal of the Association for Information Science and Technology (JASIST) is a leading international forum for peer-reviewed research in information science. The Journal welcomes rigorous work of an empirical, experimental, ethnographic, conceptual, historical, socio-technical, policy-analytic, or critical-theoretical nature.", "submission_url": "", "homepage_url": "", "keywords": [], "oa_type": "subscription", "impact_like_score": 0.0, "review_time": "", "apc": 0.0}
{"journal_id": "jws", "journal_name": "Journal of Web Semantics", "publisher": "unknown", "subject_tags": ["数据库/数据挖掘/内容检索"], "ccf_rating": "B", "scope_text": "The Journal of Web Semantics is an interdisciplinary journal based on research and applications of various subject areas that contribute to the development of a knowledge-intensive and intelligent service Web. These areas include: e-business, e-community, knowledge management, e-learning, digital libraries and e-sciences.", "submission_url": "", "homepage_url": "", "keywords": [], "oa_type": "subscription", "impact_like_score": 0.0, "review_time": "", "apc": 0.0}
{"journal_id": "kais", "journal_name": "Knowledge and Information Systems", "publisher": "unknown", "subject_tags": ["数据库/数据挖掘/内容检索"], "ccf_rating": "B", "scope_text": "Knowledge and Information Systems (KAIS) provides an international forum for researchers and professionals to share their knowledge and report new advances on all topics related to knowledge systems and advanced information systems. The journal focuses on knowledge systems and advanced information systems, including their theoretical foundations, infrastructure and enabling technologies.", "submission_url": "", "homepage_url": "", "keywords": [], "oa_type": "subscription", "impact_like_score": 0.0, "review_time": "", "apc": 0.0}
{"journal_id": "dse", "journal_name": "Data Science and Engineering", "publisher": "unknown", "subject_tags": ["数据库/数据挖掘/内容检索"], "ccf_rating": "B", "scope_text": "Focusing on the theoretical background and advanced engineering approaches, DSE aims to offer a prime forum for researchers, professionals, and industrial practitioners to share their knowledge in this rapidly growing area. More specifically, DSE covers four areas: (i) the data itself; (ii) the principles of information extraction from data, especially big data; (iii) the theory behind data-intensive computing; and (iv) the techniques and systems used to analyze and manage big data.", "submission_url": "", "homepage_url": "", "keywords": [], "oa_type": "subscription", "impact_like_score": 0.0, "review_time": "", "apc": 0.0}
{"journal_id": "dpd", "journal_name": "Distributed and Parallel Databases", "publisher": "unknown", "subject_tags": ["数据库/数据挖掘/内容检索"], "ccf_rating": "C", "scope_text": "Distributed and Parallel Databases provides a focus for the presentation and dissemination of new research results, systems development efforts, and user experiences in distributed and parallel database systems.", "submission_url": "", "homepage_url": "", "keywords": [], "oa_type": "subscription", "impact_like_score": 0.0, "review_time": "", "apc": 0.0}
{"journal_id": "i&m", "journal_name": "Information & Management", "publisher": "unknown", "subject_tags": ["数据库/数据挖掘/内容检索"], "ccf_rating": "C", "scope_text": "Information & Management serves researchers in the information systems field and managers, professionals, administrators and senior executives of organizations which design, implement and manage Information Systems Applications. The major aims are: To collect and disseminate information on new and advanced developments in the field of information systems.", "submission_url": "", "homepage_url": "", "keywords": [], "oa_type": "subscription", "impact_like_score": 0.0, "review_time": "", "apc": 0.0}
{"journal_id": "ipl", "journal_name": "Information Processing Letters", "publisher": "unknown", "subject_tags": ["数据库/数据挖掘/内容检索"], "ccf_rating": "C", "scope_text": "The aim of Information Processing Letters is to allow rapid dissemination of interesting results in the field of information processing in the form of short, concise papers. The scope of the journal is indicated by the following alphabetical list of main IPL keywords: Algorithms.", "submission_url": "", "homepage_url": "", "keywords": [], "oa_type": "subscription", "impact_like_score": 0.0, "review_time": "", "apc": 0.0}
{"journal_id": "discovercomputing", "journal_name": "Discover Computing", "publisher": "unknown", "subject_tags": ["数据库/数据挖掘/内容检索"], "ccf_rating": "C", "scope_text": "Discover Computing (formerly Information Retrieval Journal) is a fully open access, peer-reviewed journal that supports multidisciplinary research and policy developments across all fields relevant to computer science. The journal aims to be a resource for researchers, policy makers and the general public for recent advances in computer science, and its uses in research development and society.", "submission_url": "", "homepage_url": "", "keywords": [], "oa_type": "subscription", "impact_like_score": 0.0, "review_time": "", "apc": 0.0}
{"journal_id": "ijcis", "journal_name": "International Journal of Cooperative Information Systems", "publisher": "unknown", "subject_tags": ["数据库/数据挖掘/内容检索"], "ccf_rating": "C", "scope_text": "The International Journal of Cooperative Information Systems (IJCIS) addresses the intricacies of cooperative work in the framework of distributed interoperable information systems. It provides a forum for the presentation and dissemination of research covering all aspects of CIS design, requirements, functionality, implementation, deployment, and evolution.", "submission_url": "", "homepage_url": "", "keywords": [], "oa_type": "subscription", "impact_like_score": 0.0, "review_time": "", "apc": 0.0}
{"journal_id": "ijgis", "journal_name": "International Journal of Geographical Information Science", "publisher": "unknown", "subject_tags": ["数据库/数据挖掘/内容检索"], "ccf_rating": "C", "scope_text": "International Journal of Geographical Information Science provides a forum for the exchange of original ideas, approaches, methods and experiences in the field of geographical information science (GIScience). Published research covers innovations in GIScience and novel applications of GIScience in natural resources, social systems and the built environment.", "submission_url": "", "homepage_url": "", "keywords": [], "oa_type": "subscription", "impact_like_score": 0.0, "review_time": "", "apc": 0.0}
{"journal_id": "ijis", "journal_name": "International Journal of Intelligent Systems", "publisher": "unknown", "subject_tags": ["数据库/数据挖掘/内容检索"], "ccf_rating": "C", "scope_text": "International Journal of Intelligent Systems serves as a forum for individuals interested in tapping into the vast theories based on intelligent systems construction.", "submission_url": "", "homepage_url": "", "keywords": [], "oa_type": "subscription", "impact_like_score": 0.0, "review_time": "", "apc": 0.0}
{"journal_id": "ijkm", "journal_name": "International Journal of Knowledge Management", "publisher": "unknown", "subject_tags": ["数据库/数据挖掘/内容检索"], "ccf_rating": "C", "scope_text": "The International Journal of Knowledge Management (IJKM) provides a forum for advancing the understanding of the organizational, technical, human, and cognitive issues associated with the creation, capture, transfer, and use of knowledge in organizations.", "submission_url": "", "homepage_url": "", "keywords": [], "oa_type": "subscription", "impact_like_score": 0.0, "review_time": "", "apc": 0.0}
{"journal_id": "ijswis", "journal_name": "International Journal on Semantic Web and Information Systems", "publisher": "unknown", "subject_tags": ["数据库/数据挖掘/内容检索"], "ccf_rating": "C", "scope_text": "The International Journal on Semantic Web and Information Systems (IJSWIS) is an archival journal that publishes high quality original manuscripts in all aspects of Semantic Web that are relevant to computer science and information systems communities.", "submission_url": "", "homepage_url": "", "keywords": [], "oa_type": "subscription", "impact_like_score": 0.0, "review_time": "", "apc": 0.0}
{"journal_id": "jcis", "journal_name": "Journal of Computer Information Systems", "publisher": "unknown", "subject_tags": ["数据库/数据挖掘/内容检索"], "ccf_rating": "C", "scope_text": "The Journal of Computer Information Systems (JCIS) aims to publish manuscripts that explore information systems and technology research and thus develop computer information systems globally.", "submission_url": "https://www.dagstuhl.de/en", "homepage_url": "https://www.dagstuhl.de/en", "keywords": [], "oa_type": "subscription", "impact_like_score": 0.0, "review_time": "", "apc": 0.0}
{"journal_id": "jdm", "journal_name": "Journal of Database Management", "publisher": "unknown", "subject_tags": ["数据库/数据挖掘/内容检索"], "ccf_rating": "C", "scope_text": "The Journal of Database Management (JDM) publishes original research on all aspects of database management, systems analysis and design, and software engineering. The primary mission of JDM is to be instrumental in the improvement and development of theory and practice related to information technology and management of information resources.", "submission_url": "https://www.dagstuhl.de/en", "homepage_url": "https://www.dagstuhl.de/en", "keywords": [], "oa_type": "subscription", "impact_like_score": 0.0, "review_time": "", "apc": 0.0}
{"journal_id": "jgitm", "journal_name": "Journal of Global Information Technology Management", "publisher": "unknown", "subject_tags": ["数据库/数据挖掘/内容检索"], "ccf_rating": "C", "scope_text": "The Journal of Global Information Technology Management (JGITM) is a refereed international journal that is supported by Global IT scholars from all over the world. JGITM publishes articles related to all aspects of the application of information technology for international business.", "submission_url": "", "homepage_url": "", "keywords": [], "oa_type": "subscription", "impact_like_score": 0.0, "review_time": "", "apc": 0.0}
{"journal_id": "jiis", "journal_name": "Journal of Intelligent Information Systems", "publisher": "unknown", "subject_tags": ["数据库/数据挖掘/内容检索"], "ccf_rating": "C", "scope_text": "The mission of the Journal of Intelligent Information Systems: Integrating Artificial Intelligence and Database Technologies is to foster and present research and development results focused on the integration of artificial intelligence and database technologies to create next generation information systems - Intelligent Information Systems.", "submission_url": "https://www.dagstuhl.de/en", "homepage_url": "https://www.dagstuhl.de/en", "keywords": [], "oa_type": "subscription", "impact_like_score": 0.0, "review_time": "", "apc": 0.0}
{"journal_id": "jsis", "journal_name": "The Journal of Strategic Information Systems", "publisher": "unknown", "subject_tags": ["数据库/数据挖掘/内容检索"], "ccf_rating": "C", "scope_text": "The Journal of Strategic Information Systems focuses on the strategic management, business and organizational issues associated with the introduction and utilization of information systems, and considers these issues in a global context. The emphasis is on the incorporation of IT into organizations' strategic thinking, strategy alignment, organizational arrangements and management of change issues.", "submission_url": "https://www.sciencedirect.com/journal/the-journal-of-strategic-information-systems", "homepage_url": "https://www.sciencedirect.com/journal/the-journal-of-strategic-information-systems", "keywords": [], "oa_type": "subscription", "impact_like_score": 0.0, "review_time": "", "apc": 0.0}
{"journal_id": "tist", "journal_name": "ACM Transactions on Intelligent Systems and Technology", "publisher": "ACM", "subject_tags": ["数据库/数据挖掘/内容检索"], "ccf_rating": "C", "scope_text": "ACM Transactions on Intelligent Systems and Technology (ACM TIST) is a scholarly journal that publishes the highest quality papers on intelligent systems, applicable algorithms and technology with a multi-disciplinary perspective. The journal welcomes innovative, high-impact articles on emerging or deployed intelligent systems and technology with solid evaluation or evidence of success on a variety of topics.", "submission_url": "https://dl.acm.org/journal/tist", "homepage_url": "https://dl.acm.org/journal/tist", "keywords": [], "oa_type": "subscription", "impact_like_score": 0.0, "review_time": "", "apc": 0.0}
{"journal_id": "tors", "journal_name": "ACM Transactions on Recommender Systems", "publisher": "ACM", "subject_tags": ["数据库/数据挖掘/内容检索"], "ccf_rating": "C", "scope_text": "ACM Transactions on Recommender Systems (TORS) publishes high quality papers that address various aspects of recommender systems research, from algorithms to user experience, to questions of the impact and value of such systems on a quarterly basis.", "submission_url": "https://dl.acm.org/journal/tors", "homepage_url": "https://dl.acm.org/journal/tors", "keywords": [], "oa_type": "subscription", "impact_like_score": 0.0, "review_time": "", "apc": 0.0}
{"journal_id": "tit", "journal_name": "IEEE Transactions on Information Theory", "publisher": "IEEE", "subject_tags": ["计算机科学理论"], "ccf_rating": "A", "scope_text": "The IEEE Transactions on Information Theory publishes papers concerned with the transmission, processing, and utilization of information. While the boundaries of acceptable subject matter are intentionally not sharply delimited, its scope currently includes Shannon theory, coding theory and techniques.", "submission_url": "https://ieeexplore.ieee.org/xpl/RecentIssue.jsp?punumber=18", "homepage_url": "https://ieeexplore.ieee.org/xpl/RecentIssue.jsp?punumber=18", "keywords": [], "oa_type": "subscription", "impact_like_score": 0.0, "review_time": "", "apc": 0.0}
{"journal_id": "iandc", "journal_name": "Information and Computation", "publisher": "unknown", "subject_tags": ["计算机科学理论"], "ccf_rating": "A", "scope_text": "Information and Computation welcomes original papers in all areas of theoretical computer science and computational applications of information theory. Survey articles of exceptional quality will also be considered.", "submission_url": "https://www.sciencedirect.com/journal/information-and-computation", "homepage_url": "https://www.sciencedirect.com/journal/information-and-computation", "keywords": [], "oa_type": "subscription", "impact_like_score": 0.0, "review_time": "", "apc": 0.0}
{"journal_id": "sicomp", "journal_name": "SIAM Journal on Computing", "publisher": "unknown", "subject_tags": ["计算机科学理论"], "ccf_rating": "A", "scope_text": "The SIAM Journal on Computing aims to provide coverage of the most significant work going on in the mathematical and formal aspects of computer science and nonnumerical computing. Topics include but are not limited to analysis and design of algorithms, algorithmic game theory, data structures, computational complexity, computational algebra.", "submission_url": "", "homepage_url": "", "keywords": [], "oa_type": "subscription", "impact_like_score": 0.0, "review_time": "", "apc": 0.0}
{"journal_id": "talg", "journal_name": "ACM Transactions on Algorithms", "publisher": "ACM", "subject_tags": ["计算机科学理论"], "ccf_rating": "B", "scope_text": "ACM Transactions on Algorithms welcomes submissions of original research of the highest quality dealing with algorithms that are inherently discrete and finite, and having mathematical content in a natural way, either in the objective or in the analysis.", "submission_url": "https://dl.acm.org/journal/talg", "homepage_url": "https://dl.acm.org/journal/talg", "keywords": [], "oa_type": "subscription", "impact_like_score": 0.0, "review_time": "", "apc": 0.0}
{"journal_id": "tocl", "journal_name": "ACM Transactions on Computational Logic", "publisher": "ACM", "subject_tags": ["计算机科学理论"], "ccf_rating": "B", "scope_text": "TOCL welcomes submissions related to all aspects of logic as it pertains to topics in computer science. Logic continues to play an important role in computer science and permeates many of its areas including artificial intelligence, computational complexity, database systems, and programming languages.", "submission_url": "https://dl.acm.org/journal/tocl", "homepage_url": "https://dl.acm.org/journal/tocl", "keywords": [], "oa_type": "subscription", "impact_like_score": 0.0, "review_time": "", "apc": 0.0}
{"journal_id": "toms", "journal_name": "ACM Transactions on Mathematical Software", "publisher": "ACM", "subject_tags": ["计算机科学理论"], "ccf_rating": "B", "scope_text": "The ACM Transactions on Mathematical Software (TOMS) publishes significant research results concerning the development, evaluation and use of mathematical software in support of important application areas. TOMS documents the theoretical underpinnings of numeric, symbolic, algebraic, and geometric computing applications.", "submission_url": "https://dl.acm.org/journal/toms", "homepage_url": "https://dl.acm.org/journal/toms", "keywords": [], "oa_type": "subscription", "impact_like_score": 0.0, "review_time": "", "apc": 0.0}
{"journal_id": "algorithmica", "journal_name": "Algorithmica", "publisher": "unknown", "subject_tags": ["计算机科学理论"], "ccf_rating": "B", "scope_text": "Algorithmica is an international journal which publishes original papers on algorithms that are either (i) theoretical papers addressing problems arising in practical areas or (ii) experimental papers that have general appeal because of their practical importance or techniques.", "submission_url": "http://link.springer.com/journal/453", "homepage_url": "http://link.springer.com/journal/453", "keywords": [], "oa_type": "subscription", "impact_like_score": 0.0, "review_time": "", "apc": 0.0}
{"journal_id": "cc_2", "journal_name": "Computational complexity", "publisher": "unknown", "subject_tags": ["计算机科学理论"], "ccf_rating": "B", "scope_text": "Computational Complexity is a mathematical study of the what can be achieved when time (and other resources) are scarce. Computational Complexity (or Complexity Theory) is a central subfield of the theoretical foundations of Computer Science. It is concerned with the study of the intrinsic complexity of computational tasks.", "submission_url": "", "homepage_url": "", "keywords": [], "oa_type": "subscription", "impact_like_score": 0.0, "review_time": "", "apc": 0.0}
{"journal_id": "fac", "journal_name": "Formal Aspects of Computing", "publisher": "unknown", "subject_tags": ["计算机科学理论"], "ccf_rating": "B", "scope_text": "Formal Aspects of Computing aims to publish contributions at the junction of theory and practice. The objective is to disseminate applicable research. The principal aim of this journal is to promote the growth of computing science, to show its relation to practice and to stimulate applications of apposite formalisms to practical problems.", "submission_url": "", "homepage_url": "", "keywords": [], "oa_type": "subscription", "impact_like_score": 0.0, "review_time": "", "apc": 0.0}
{"journal_id": "fmsd", "journal_name": "Formal Methods in System Design", "publisher": "unknown", "subject_tags": ["计算机科学理论"], "ccf_rating": "B", "scope_text": "The focus of this journal is on formal methods for designing, implementing, and validating the correctness of hardware (VLSI) and software systems.", "submission_url": "", "homepage_url": "", "keywords": [], "oa_type": "subscription", "impact_like_score": 0.0, "review_time": "", "apc": 0.0}
{"journal_id": "informs", "journal_name": "INFORMS Journal on Computing", "publisher": "unknown", "subject_tags": ["计算机科学理论"], "ccf_rating": "B", "scope_text": "The INFORMS Journal on Computing publishes high quality papers that expand the envelope of operations research and computing. We seek original research papers on relevant theories, methods, experiments, systems, and applications.", "submission_url": "", "homepage_url": "", "keywords": [], "oa_type": "subscription", "impact_like_score": 0.0, "review_time": "", "apc": 0.0}
{"journal_id": "jcss", "journal_name": "Journal of Computer and System Sciences", "publisher": "unknown", "subject_tags": ["计算机科学理论"], "ccf_rating": "B", "scope_text": "The Journal of Computer and System Sciences publishes original research papers in computer science and related subjects in system science, with attention to the relevant mathematical theory.", "submission_url": "", "homepage_url": "", "keywords": [], "oa_type": "subscription", "impact_like_score": 0.0, "review_time": "", "apc": 0.0}
{"journal_id": "jgo", "journal_name": "Journal of Global Optimization", "publisher": "unknown", "subject_tags": ["计算机科学理论"], "ccf_rating": "B", "scope_text": "The Journal of Global Optimization publishes carefully refereed papers that encompass theoretical, computational, and applied aspects of global optimization. Applications of particular interest include healthcare, computational biochemistry, energy systems, telecommunications, and finance.", "submission_url": "", "homepage_url": "", "keywords": [], "oa_type": "subscription", "impact_like_score": 0.0, "review_time": "", "apc": 0.0}
{"journal_id": "jsc", "journal_name": "Journal of Symbolic Computation", "publisher": "unknown", "subject_tags": ["计算机科学理论"], "ccf_rating": "B", "scope_text": "The journal provides a forum for research in the algorithmic treatment of all types of symbolic objects: objects in formal languages (terms, formulas, programs); algebraic objects (elements in basic number domains, polynomials, residue classes, etc.); and geometrical objects.", "submission_url": "", "homepage_url": "", "keywords": [], "oa_type": "subscription", "impact_like_score": 0.0, "review_time": "", "apc": 0.0}
{"journal_id": "mscs", "journal_name": "Mathematical Structures in Computer Science", "publisher": "unknown", "subject_tags": ["计算机科学理论"], "ccf_rating": "B", "scope_text": "Mathematical Structures in Computer Science is a journal of theoretical computer science which focuses on the application of ideas from the structural side of mathematics and mathematical logic to computer science.", "submission_url": "", "homepage_url": "", "keywords": [], "oa_type": "subscription", "impact_like_score": 0.0, "review_time": "", "apc": 0.0}
{"journal_id": "tcs", "journal_name": "Theoretical Computer Science", "publisher": "unknown", "subject_tags": ["计算机科学理论"], "ccf_rating": "B", "scope_text": "Theoretical Computer Science is mathematical and abstract in spirit, but it derives its motivation from practical and everyday computation. Its aim is to understand the nature of computation and, as a consequence of this understanding, provide more efficient methodologies.", "submission_url": "", "homepage_url": "", "keywords": [], "oa_type": "subscription", "impact_like_score": 0.0, "review_time": "", "apc": 0.0}
{"journal_id": "acta", "journal_name": "Acta Informatica", "publisher": "unknown", "subject_tags": ["计算机科学理论"], "ccf_rating": "C", "scope_text": "Acta Informatica provides international dissemination of original papers in all areas covering the mathematical foundations of Computer Science. Its scope covers design, description, presentation of programs, information structures, computing systems and interaction between components thereof.", "submission_url": "", "homepage_url": "", "keywords": [], "oa_type": "subscription", "impact_like_score": 0.0, "review_time": "", "apc": 0.0}
{"journal_id": "apal", "journal_name": "Annals of Pure and Applied Logic", "publisher": "unknown", "subject_tags": ["计算机科学理论"], "ccf_rating": "C", "scope_text": "The journal Annals of Pure and Applied Logic publishes high quality papers in all areas of mathematical logic as well as applications of logic in mathematics, in theoretical computer science and in other related disciplines.", "submission_url": "", "homepage_url": "", "keywords": [], "oa_type": "subscription", "impact_like_score": 0.0, "review_time": "", "apc": 0.0}
{"journal_id": "dam", "journal_name": "Discrete Applied Mathematics", "publisher": "unknown", "subject_tags": ["计算机科学理论"], "ccf_rating": "C", "scope_text": "The aim of Discrete Applied Mathematics is to bring together research papers in different areas of algorithmic and applicable discrete mathematics as well as applications of combinatorial mathematics to informatics and various areas of science and technology.", "submission_url": "", "homepage_url": "", "keywords": [], "oa_type": "subscription", "impact_like_score": 0.0, "review_time": "", "apc": 0.0}
{"journal_id": "fuin", "journal_name": "Fundamenta Informaticae", "publisher": "unknown", "subject_tags": ["计算机科学理论"], "ccf_rating": "C", "scope_text": "Fundamenta Informaticae is an international journal publishing original research results in all areas of theoretical computer science. Papers are encouraged contributing: solutions by mathematical methods of problems emerging in computer science solutions of mathematical problems inspired by computer science. Topics include: theory of computing, complexity theory, algorithms and data structures, computational aspects of combinatorics and graph theory, and more.", "submission_url": "", "homepage_url": "", "keywords": [], "oa_type": "subscription", "impact_like_score": 0.0, "review_time": "", "apc": 0.0}
{"journal_id": "ipl_2", "journal_name": "Information Processing Letters", "publisher": "unknown", "subject_tags": ["计算机科学理论"], "ccf_rating": "C", "scope_text": "The aim of Information Processing Letters is to allow rapid dissemination of interesting results in the field of information processing in the form of short, concise papers. The scope of the journal is indicated by the following alphabetical list of main IPL keywords: Algorithms.", "submission_url": "", "homepage_url": "", "keywords": [], "oa_type": "subscription", "impact_like_score": 0.0, "review_time": "", "apc": 0.0}
{"journal_id": "jcomplexity", "journal_name": "Journal of Complexity", "publisher": "unknown", "subject_tags": ["计算机科学理论"], "ccf_rating": "C", "scope_text": "The multidisciplinary Journal of Complexity publishes original research papers that contain substantial mathematical results on complexity as broadly conceived. In the area of computational complexity, the focus is on complexity over the reals, with the emphasis on lower bounds and optimal algorithms. Areas include: Approximation theory, Biomedical computing, Compressed computing and sensing, Computational finance, Computational number theory.", "submission_url": "", "homepage_url": "", "keywords": [], "oa_type": "subscription", "impact_like_score": 0.0, "review_time": "", "apc": 0.0}
{"journal_id": "logcom", "journal_name": "Journal of Logic and Computation", "publisher": "unknown", "subject_tags": ["计算机科学理论"], "ccf_rating": "C", "scope_text": "The Journal of Logic and Computation is an online only journal aiming to promote the growth of logic and computing, including, among others, the following areas of interest: Logical Systems, such as classical and non-classical logic, constructive logic, categorical logic, modal logic, type theory, feasible maths.", "submission_url": "", "homepage_url": "", "keywords": [], "oa_type": "subscription", "impact_like_score": 0.0, "review_time": "", "apc": 0.0}
{"journal_id": "jsl", "journal_name": "The Journal of Symbolic Logic", "publisher": "unknown", "subject_tags": ["计算机科学理论"], "ccf_rating": "C", "scope_text": "The Journal of Symbolic Logic publishes research in mathematical logic and its applications of the highest quality. The main purpose of The Journal is to publish original scholarly work in symbolic logic. The Journal intends to represent the entire field of symbolic logic, which has become very broad, including its connections with mathematics and philosophy as well as newer aspects related to computer science and linguistics.", "submission_url": "", "homepage_url": "", "keywords": [], "oa_type": "subscription", "impact_like_score": 0.0, "review_time": "", "apc": 0.0}
{"journal_id": "lmcs", "journal_name": "Logical Methods in Computer Science", "publisher": "unknown", "subject_tags": ["计算机科学理论"], "ccf_rating": "C", "scope_text": "Logical Methods in Computer Science is a fully refereed, open access, free, electronic journal. It welcomes papers on theoretical and practical areas in computer science involving logical methods, taken in a broad sense; some particular areas within its scope are listed below. Topics include: Algebraic methods, Automata and logic, Automated deduction, Categorical models and logic, Coalgebraic methods.", "submission_url": "", "homepage_url": "", "keywords": [], "oa_type": "subscription", "impact_like_score": 0.0, "review_time": "", "apc": 0.0}
{"journal_id": "sidma", "journal_name": "SIAM Journal on Discrete Mathematics", "publisher": "unknown", "subject_tags": ["计算机科学理论"], "ccf_rating": "C", "scope_text": "SIAM Journal on Discrete Mathematics (SIDMA) publishes research articles on a broad range of topics from pure and applied mathematics including combinatorics and graph theory, discrete optimization and operations research, theoretical computer science, and coding and communication theory. The journal's focus is primarily theoretical rather than empirical, but the editors welcome papers that evolve from or have potential application to real-world problems.", "submission_url": "", "homepage_url": "", "keywords": [], "oa_type": "subscription", "impact_like_score": 0.0, "review_time": "", "apc": 0.0}
{"journal_id": "theoryofcomputingsystems", "journal_name": "Theory of Computing Systems", "publisher": "unknown", "subject_tags": ["计算机科学理论"], "ccf_rating": "C", "scope_text": "Theory of Computing Systems (TOCS) is devoted to publishing original research from all areas of theoretical computer science, ranging from foundational areas such as computational complexity, to fundamental areas such as algorithms and data structures, to focused areas such as parallel and distributed algorithms and architectures.", "submission_url": "", "homepage_url": "", "keywords": [], "oa_type": "subscription", "impact_like_score": 0.0, "review_time": "", "apc": 0.0}
{"journal_id": "tqc", "journal_name": "ACM Transactions in Quantum Computing", "publisher": "ACM", "subject_tags": ["计算机科学理论"], "ccf_rating": "C", "scope_text": "ACM Transactions on Quantum Computing (TQC) publishes high-impact, original research papers and select surveys on topics in quantum computing and quantum information science. The journal targets the quantum computer science community with a focus on the theory and practice of quantum computing including but not limited to: models of quantum computing, quantum algorithms and complexity, quantum computing architecture.", "submission_url": "", "homepage_url": "", "keywords": [], "oa_type": "subscription", "impact_like_score": 0.0, "review_time": "", "apc": 0.0}
{"journal_id": "tog", "journal_name": "ACM Transactions on Graphics", "publisher": "ACM", "subject_tags": ["计算机图形学与多媒体"], "ccf_rating": "A", "scope_text": "The purpose of the ACM Transactions on Graphics (TOG) is to further the development of computer graphics by encouraging high-quality research in the field and disseminating that research rapidly and widely. It includes, but is not limited to, work on animation, computer-aided design, color, computational geometry, computational photography, geometric modeling, graphics hardware, human factors, image synthesis.", "submission_url": "", "homepage_url": "", "keywords": [], "oa_type": "subscription", "impact_like_score": 0.0, "review_time": "", "apc": 0.0}
{"journal_id": "tip", "journal_name": "IEEE Transactions on Image Processing", "publisher": "IEEE", "subject_tags": ["计算机图形学与多媒体"], "ccf_rating": "A", "scope_text": "The IEEE Transactions on Image Processing covers novel theory, algorithms, and architectures for the formation, capture, processing, communication, analysis, and display of images, video, and multidimensional signals in a wide variety of applications. Topics of interest include, but are not limited to: signal-processing aspects of image processing, imaging systems, and image scanning, display, and printing.", "submission_url": "", "homepage_url": "", "keywords": [], "oa_type": "subscription", "impact_like_score": 0.0, "review_time": "", "apc": 0.0}
{"journal_id": "tvcg", "journal_name": "IEEE Transactions on Visualization and Computer Graphics", "publisher": "IEEE", "subject_tags": ["计算机图形学与多媒体"], "ccf_rating": "A", "scope_text": "The IEEE Transactions on Visualization and Computer Graphics (TVCG) aims to publish papers that present important research results and state-of-the-art seminal papers within TVCG's scope. These include subjects related to computer graphics and visualization techniques, systems, software, hardware, and user interface issues. Specific topics include, but are not limited to: rendering technologies; geometric modeling and processing; shape analysis; graphics hardware; animation and simulation; perception; interaction; user interfaces.", "submission_url": "", "homepage_url": "", "keywords": [], "oa_type": "subscription", "impact_like_score": 0.0, "review_time": "", "apc": 0.0}
{"journal_id": "tmm", "journal_name": "IEEE Transactions on Multimedia", "publisher": "IEEE", "subject_tags": ["计算机图形学与多媒体"], "ccf_rating": "A", "scope_text": "The scope of the IEEE Transactions on Multimedia is the various aspects of research in multimedia technology and applications of multimedia, including, but not limited to, circuits, networking, signal processing, systems, software, and systems integration, as represented by the Fields of Interest of the sponsors.", "submission_url": "", "homepage_url": "", "keywords": [], "oa_type": "subscription", "impact_like_score": 0.0, "review_time": "", "apc": 0.0}
{"journal_id": "tomm_2", "journal_name": "ACM Transactions on Multimedia Computing,Communications and Applications", "publisher": "ACM", "subject_tags": ["计算机图形学与多媒体"], "ccf_rating": "B", "scope_text": "ACM Transactions on Multimedia Computing, Communications, and Applications is the flagship publication of the ACM Special Interest Group in Multimedia (SIGMM). The journal covers publications in the three general subfields of multimedia: computing, communications, and applications, each consisting of various areas of research. Papers on single media (for instance, audio, video, animation) and their processing are also welcome.", "submission_url": "", "homepage_url": "", "keywords": [], "oa_type": "subscription", "impact_like_score": 0.0, "review_time": "", "apc": 0.0}
{"journal_id": "cagd", "journal_name": "Computer Aided Geometric Design", "publisher": "unknown", "subject_tags": ["计算机图形学与多媒体"], "ccf_rating": "B", "scope_text": "The journal Computer Aided Geometric Design is for researchers, scholars, and software developers dealing with mathematical and computational methods for the description of geometric objects as they arise in areas ranging from CAD/CAM to robotics and scientific visualization. The aim is to collect and disseminate information on computer aided design in one journal. To provide the user community with methods and algorithms for representing curves and surfaces.", "submission_url": "", "homepage_url": "", "keywords": [], "oa_type": "subscription", "impact_like_score": 0.0, "review_time": "", "apc": 0.0}
{"journal_id": "cgf", "journal_name": "Computer Graphics Forum", "publisher": "unknown", "subject_tags": ["计算机图形学与多媒体"], "ccf_rating": "B", "scope_text": "Computer Graphics Forum is the leading journal for in-depth technical articles on computer graphics. The journal reports on the latest developments in the field throughout the world and covers all aspects of the theory, practice and application of computer graphics. The journal features a lively mix of original research, computer graphics applications, conference reports, state-of-the-art surveys and workshops.", "submission_url": "", "homepage_url": "", "keywords": [], "oa_type": "subscription", "impact_like_score": 0.0, "review_time": "", "apc": 0.0}
{"journal_id": "cad", "journal_name": "Computer-Aided Design", "publisher": "unknown", "subject_tags": ["计算机图形学与多媒体"], "ccf_rating": "B", "scope_text": "Computer-Aided Design (CAD) is the international research and applications journal for the computer aided design of mechanical, electronic and other products, covering all stages of the product lifecycle. The journal provides a broad, interdisciplinary forum for the publication of important research results in all aspects of computer-aided design including: CAD/CAM, computational geometry, geometric modeling, shape and solid modeling, product data management, virtual prototyping, and design for manufacturing.", "submission_url": "", "homepage_url": "", "keywords": [], "oa_type": "subscription", "impact_like_score": 0.0, "review_time": "", "apc": 0.0}
{"journal_id": "tcsvt", "journal_name": "IEEE Transactions on Circuits and Systems for Video Technology", "publisher": "IEEE", "subject_tags": ["计算机图形学与多媒体"], "ccf_rating": "B", "scope_text": "IEEE Transactions on Circuits and Systems for Video Technology (TCSVT) covers the circuits and systems aspects of all video technologies. General, theoretical, and application-oriented papers with a circuits and systems perspective are encouraged for publication on or related to image/video acquisition, processing, compression, transmission, and display.", "submission_url": "", "homepage_url": "", "keywords": [], "oa_type": "subscription", "impact_like_score": 0.0, "review_time": "", "apc": 0.0}
{"journal_id": "jasa", "journal_name": "The Journal of the Acoustical Society of America", "publisher": "unknown", "subject_tags": ["计算机图形学与多媒体"], "ccf_rating": "B", "scope_text": "Since 1929, The Journal of the Acoustical Society of America (JASA) has been the leading source of theoretical and experimental research results in the broad interdisciplinary subject of sound. The journal serves physical scientists, life scientists, engineers, psychologists, physiologists, architects, musicians, and speech communication specialists. Subjects include linear and nonlinear acoustics; aeroacoustics; underwater sound and acoustical oceanography; ultrasonics and quantum acoustics.", "submission_url": "", "homepage_url": "", "keywords": [], "oa_type": "subscription", "impact_like_score": 0.0, "review_time": "", "apc": 0.0}
{"journal_id": "siims", "journal_name": "SIAM Journal on Imaging Sciences", "publisher": "unknown", "subject_tags": ["计算机图形学与多媒体"], "ccf_rating": "B", "scope_text": "SIAM Journal on Imaging Sciences (SIIMS) covers all areas of imaging sciences, broadly interpreted. It includes image formation, image processing, image analysis, image interpretation and understanding, computer graphics and visualization, imaging-related machine learning, and inverse problems in imaging; leading to applications to diverse areas in science, medicine, engineering, and other fields.", "submission_url": "", "homepage_url": "", "keywords": [], "oa_type": "subscription", "impact_like_score": 0.0, "review_time": "", "apc": 0.0}
{"journal_id": "specom", "journal_name": "Speech Communication", "publisher": "unknown", "subject_tags": ["计算机图形学与多媒体"], "ccf_rating": "B", "scope_text": "Speech Communication covers speech production and speech perception of the sounds used in spoken human language. It is a highly interdisciplinary field that is studied by several academic disciplines including acoustics, psychology, speech pathology, linguistics, cognitive science, communication studies, computer science, and signal processing.", "submission_url": "", "homepage_url": "", "keywords": [], "oa_type": "subscription", "impact_like_score": 0.0, "review_time": "", "apc": 0.0}
{"journal_id": "cvmj", "journal_name": "Computational Visual Media", "publisher": "unknown", "subject_tags": ["计算机图形学与多媒体"], "ccf_rating": "B", "scope_text": "Computational Visual Media is a peer-reviewed open access journal. It publishes original high-quality research papers and significant review articles on novel ideas, methods, and systems relevant to visual media. The journal publishes articles that focus on, but are not limited to, the following areas: Editing and composition of visual media; Geometric computing for images and video; Geometry modeling and processing; Machine learning for visual media.", "submission_url": "", "homepage_url": "", "keywords": [], "oa_type": "subscription", "impact_like_score": 0.0, "review_time": "", "apc": 0.0}
{"journal_id": "cgta", "journal_name": "Computational Geometry: Theory and Applications", "publisher": "unknown", "subject_tags": ["计算机图形学与多媒体"], "ccf_rating": "C", "scope_text": "Computational Geometry is a forum for research in theoretical and applied aspects of computational geometry. The journal publishes fundamental research in all areas of the subject, as well as disseminating information on the applications, techniques, and use of computational geometry. All aspects of computational geometry are covered, including the numerical, graph theoretical and combinatorial aspects.", "submission_url": "", "homepage_url": "", "keywords": [], "oa_type": "subscription", "impact_like_score": 0.0, "review_time": "", "apc": 0.0}
{"journal_id": "cavw", "journal_name": "computer animation & virtual worlds", "publisher": "unknown", "subject_tags": ["计算机图形学与多媒体"], "ccf_rating": "C", "scope_text": "Computer Animation & Virtual Worlds is a journal dedicated to the creation, modeling, animation, and rendering of virtual worlds and characters. The journal focuses on the intersection of computer animation, virtual environments, and interactive techniques, publishing research on topics including character animation, motion capture, crowd simulation, virtual reality, and interactive storytelling.", "submission_url": "", "homepage_url": "", "keywords": [], "oa_type": "subscription", "impact_like_score": 0.0, "review_time": "", "apc": 0.0}
{"journal_id": "c&g", "journal_name": "Computers & Graphics", "publisher": "unknown", "subject_tags": ["计算机图形学与多媒体"], "ccf_rating": "C", "scope_text": "Computers & Graphics is dedicated to disseminate information on research and applications of computer graphics (CG) techniques. The journal focuses on interactive computer graphics, visualization and novel input modalities including virtual environments, and, within this scope, on graphical models, data structures, languages, picture manipulation algorithms and related software.", "submission_url": "", "homepage_url": "", "keywords": [], "oa_type": "subscription", "impact_like_score": 0.0, "review_time": "", "apc": 0.0}
{"journal_id": "dcg", "journal_name": "Discrete & Computational Geometry", "publisher": "unknown", "subject_tags": ["计算机图形学与多媒体"], "ccf_rating": "C", "scope_text": "Discrete & Computational Geometry (DCG) is an international journal of mathematics and computer science, covering a broad range of topics in which geometry plays a fundamental role. It publishes papers on such topics as configurations and arrangements, spatial subdivision, packing, covering, and tiling, geometric complexity, as well as papers with a distinct geometric flavor in areas such as graph theory, mathematical programming, combinatorial optimization, algebraic geometry, and robotics.", "submission_url": "", "homepage_url": "", "keywords": [], "oa_type": "subscription", "impact_like_score": 0.0, "review_time": "", "apc": 0.0}
{"journal_id": "spl", "journal_name": "IEEE Signal Processing Letters", "publisher": "IEEE", "subject_tags": ["计算机图形学与多媒体"], "ccf_rating": "C", "scope_text": "IEEE Signal Processing Letters (SPL) is a monthly journal that publishes short, high-quality papers in the field of signal processing. The scope encompasses the theory, algorithms, and applications for the processing, analysis, and interpretation of signals including audio, speech, image, video, multimedia, biomedical, and communication signals.", "submission_url": "", "homepage_url": "", "keywords": [], "oa_type": "subscription", "impact_like_score": 0.0, "review_time": "", "apc": 0.0}
{"journal_id": "iet_ipr", "journal_name": "IET Image Processing", "publisher": "unknown", "subject_tags": ["计算机图形学与多媒体"], "ccf_rating": "C", "scope_text": "IET Image Processing is a peer-reviewed journal dedicated to the advancement of research in image processing. The journal covers a wide range of topics including image and video coding, enhancement, restoration, segmentation, feature extraction, pattern recognition, and machine learning for image analysis, with applications in medical imaging, surveillance, remote sensing, and multimedia systems.", "submission_url": "", "homepage_url": "", "keywords": [], "oa_type": "subscription", "impact_like_score": 0.0, "review_time": "", "apc": 0.0}
{"journal_id": "jvcir", "journal_name": "Journal of Visual Communication and Image Representation", "publisher": "unknown", "subject_tags": ["计算机图形学与多媒体"], "ccf_rating": "C", "scope_text": "The Journal of Visual Communication and Image Representation publishes papers on the state-of-the-art of visual communication and image representation, with emphasis on novel technologies and theoretical work in image processing, analysis, coding, and representation. It covers topics such as image and video compression, transmission, quality assessment, restoration, and super-resolution, as well as visual perception and biologically inspired vision models.", "submission_url": "", "homepage_url": "", "keywords": [], "oa_type": "subscription", "impact_like_score": 0.0, "review_time": "", "apc": 0.0}
{"journal_id": "ms", "journal_name": "Multimedia Systems", "publisher": "unknown", "subject_tags": ["计算机图形学与多媒体"], "ccf_rating": "C", "scope_text": "Multimedia Systems is a journal that publishes original research and review articles on all aspects of multimedia systems. The scope includes multimedia data representation, storage, retrieval, transmission, and presentation, as well as multimedia networking, operating systems support, and multimedia applications. The journal also covers emerging areas such as multimedia content analysis, streaming media, and mobile multimedia.", "submission_url": "", "homepage_url": "", "keywords": [], "oa_type": "subscription", "impact_like_score": 0.0, "review_time": "", "apc": 0.0}
{"journal_id": "mta", "journal_name": "Multimedia Tools and Applications", "publisher": "unknown", "subject_tags": ["计算机图形学与多媒体"], "ccf_rating": "C", "scope_text": "Multimedia Tools and Applications is a journal that focuses on the development of tools and applications for multimedia systems. The scope includes multimedia data processing, indexing, retrieval, and delivery, as well as multimedia authoring, collaboration, and user interfaces. The journal also covers applications in areas such as education, entertainment, surveillance, and healthcare.", "submission_url": "", "homepage_url": "", "keywords": [], "oa_type": "subscription", "impact_like_score": 0.0, "review_time": "", "apc": 0.0}
{"journal_id": "sigpro", "journal_name": "Signal Processing", "publisher": "unknown", "subject_tags": ["计算机图形学与多媒体"], "ccf_rating": "C", "scope_text": "Signal Processing is the official publication of the European Association for Signal Processing (EURASIP). The journal publishes original research on the theory and applications of signal processing, including deterministic and statistical signal processing, adaptive filtering, array processing, spectral estimation, and machine learning for signal processing. Applications include audio, speech, image, video, biomedical, and communication signal processing.", "submission_url": "", "homepage_url": "", "keywords": [], "oa_type": "subscription", "impact_like_score": 0.0, "review_time": "", "apc": 0.0}
{"journal_id": "image", "journal_name": "Signal Processing: Image Communication", "publisher": "unknown", "subject_tags": ["计算机图形学与多媒体"], "ccf_rating": "C", "scope_text": "Signal Processing: Image Communication is a journal that publishes original research on image and video communication systems. The scope includes image and video coding, compression, transmission, and storage, as well as quality assessment, error resilience, and streaming. The journal also covers topics such as multimedia content analysis, indexing, and retrieval, and applications in areas such as broadcasting, surveillance, and medical imaging.", "submission_url": "", "homepage_url": "", "keywords": [], "oa_type": "subscription", "impact_like_score": 0.0, "review_time": "", "apc": 0.0}
{"journal_id": "tvc", "journal_name": "The Visual Computer", "publisher": "unknown", "subject_tags": ["计算机图形学与多媒体"], "ccf_rating": "C", "scope_text": "The Visual Computer is a journal that publishes original research on all aspects of visual computing, including computer graphics, visualization, virtual reality, and computer vision. The scope encompasses algorithms, systems, and applications for image synthesis, rendering, animation, and interaction, as well as geometric modeling, computational geometry, and image-based rendering.", "submission_url": "", "homepage_url": "", "keywords": [], "oa_type": "subscription", "impact_like_score": 0.0, "review_time": "", "apc": 0.0}
{"journal_id": "vi", "journal_name": "Visual Informatics", "publisher": "unknown", "subject_tags": ["计算机图形学与多媒体"], "ccf_rating": "C", "scope_text": "Visual Informatics is an open access journal that publishes original research on the theory and applications of visual information processing. The scope includes computer graphics, visualization, computer vision, image and video processing, and human-computer interaction. The journal aims to bridge the gap between computer science and other disciplines that rely on visual data analysis and presentation.", "submission_url": "", "homepage_url": "", "keywords": [], "oa_type": "subscription", "impact_like_score": 0.0, "review_time": "", "apc": 0.0}
{"journal_id": "vrih", "journal_name": "Virtual Reality & Intelligent Hardware", "publisher": "unknown", "subject_tags": ["计算机图形学与多媒体"], "ccf_rating": "C", "scope_text": "Virtual Reality & Intelligent Hardware is a journal that publishes original research on the intersection of virtual reality (VR), augmented reality (AR), and intelligent hardware. The scope includes VR/AR systems, 3D user interfaces, haptics, motion tracking, and display technologies, as well as hardware design for immersive environments and intelligent interaction.", "submission_url": "", "homepage_url": "", "keywords": [], "oa_type": "subscription", "impact_like_score": 0.0, "review_time": "", "apc": 0.0}
{"journal_id": "gmod", "journal_name": "Graphical Models", "publisher": "unknown", "subject_tags": ["计算机图形学与多媒体"], "ccf_rating": "C", "scope_text": "Graphical Models is a journal that publishes original research on the modeling, representation, and manipulation of geometric objects and their graphical display. The scope includes geometric modeling, shape analysis, computational geometry, solid modeling, and computer graphics. The journal covers both theoretical foundations and practical applications in areas such as CAD/CAM, medical imaging, and scientific visualization.", "submission_url": "", "homepage_url": "", "keywords": [], "oa_type": "subscription", "impact_like_score": 0.0, "review_time": "", "apc": 0.0}
{"journal_id": "ai", "journal_name": "Artificial Intelligence", "publisher": "unknown", "subject_tags": ["人工智能"], "ccf_rating": "A", "scope_text": "Artificial Intelligence (AI) is a journal that publishes original research on all aspects of artificial intelligence, including reasoning, learning, planning, knowledge representation, perception, and natural language processing. The journal covers theoretical foundations, algorithms, and applications of AI, as well as the relationship between AI and other disciplines such as philosophy, psychology, and cognitive science.", "submission_url": "", "homepage_url": "", "keywords": [], "oa_type": "subscription", "impact_like_score": 0.0, "review_time": "", "apc": 0.0}
{"journal_id": "tpami", "journal_name": "IEEE Transactions on Pattern Analysis and Machine Intelligence", "publisher": "IEEE", "subject_tags": ["人工智能"], "ccf_rating": "A", "scope_text": "IEEE Transactions on Pattern Analysis and Machine Intelligence (TPAMI) is a leading journal that publishes original research on all aspects of pattern analysis and machine intelligence. The scope includes computer vision, image processing, pattern recognition, machine learning, and related fields, as well as applications in areas such as robotics, biometrics, and medical image analysis.", "submission_url": "", "homepage_url": "", "keywords": [], "oa_type": "subscription", "impact_like_score": 0.0, "review_time": "", "apc": 0.0}
{"journal_id": "ijcv", "journal_name": "International Journal of Computer Vision", "publisher": "unknown", "subject_tags": ["人工智能"], "ccf_rating": "A", "scope_text": "International Journal of Computer Vision (IJCV) is a journal that publishes original research on the theory and applications of computer vision. The scope includes image formation, processing, analysis, and understanding, as well as object recognition, scene understanding, motion analysis, and 3D vision. The journal covers both computational models and biological vision.", "submission_url": "", "homepage_url": "", "keywords": [], "oa_type": "subscription", "impact_like_score": 0.0, "review_time": "", "apc": 0.0}
{"journal_id": "jmlr", "journal_name": "Journal of Machine Learning Research", "publisher": "unknown", "subject_tags": ["人工智能"], "ccf_rating": "A", "scope_text": "Journal of Machine Learning Research (JMLR) is a leading open access journal that publishes original research on all aspects of machine learning, including supervised and unsupervised learning, reinforcement learning, probabilistic modeling, optimization, and deep learning. The journal covers theoretical foundations, algorithms, and applications, as well as the relationship between machine learning and other disciplines such as statistics and data mining.", "submission_url": "", "homepage_url": "", "keywords": [], "oa_type": "subscription", "impact_like_score": 0.0, "review_time": "", "apc": 0.0}
{"journal_id": "tap", "journal_name": "ACM Transactions on Applied Perception", "publisher": "ACM", "subject_tags": ["人工智能"], "ccf_rating": "B", "scope_text": "ACM Transactions on Applied Perception (TAP) is a journal that publishes original research on the intersection of perception science and computer graphics, visualization, and virtual reality. The scope includes psychophysics, visual attention, haptics, and multimodal perception, as well as applications in areas such as user interface design, gaming, and medical simulation.", "submission_url": "", "homepage_url": "", "keywords": [], "oa_type": "subscription", "impact_like_score": 0.0, "review_time": "", "apc": 0.0}
{"journal_id": "aamas", "journal_name": "Autonomous Agents and Multi-Agent Systems", "publisher": "unknown", "subject_tags": ["人工智能"], "ccf_rating": "B", "scope_text": "Autonomous Agents and Multi-Agent Systems (AAMAS) is a journal that publishes original research on the theory and applications of autonomous agents and multi-agent systems. The scope includes agent architectures, coordination, negotiation, learning, and adaptation, as well as applications in areas such as robotics, e-commerce, and social simulation.", "submission_url": "", "homepage_url": "", "keywords": [], "oa_type": "subscription", "impact_like_score": 0.0, "review_time": "", "apc": 0.0}
{"journal_id": "computationallinguistics", "journal_name": "Computational Linguistics", "publisher": "unknown", "subject_tags": ["人工智能"], "ccf_rating": "B", "scope_text": "Computational Linguistics is a journal that publishes original research on the computational modeling of natural language. The scope includes syntax, semantics, discourse, and pragmatics, as well as machine translation, information extraction, text summarization, and question answering. The journal covers both theoretical foundations and practical applications of natural language processing.", "submission_url": "", "homepage_url": "", "keywords": [], "oa_type": "subscription", "impact_like_score": 0.0, "review_time": "", "apc": 0.0}
{"journal_id": "cviu", "journal_name": "Computer Vision and Image Understanding", "publisher": "unknown", "subject_tags": ["人工智能"], "ccf_rating": "B", "scope_text": "Computer Vision and Image Understanding (CVIU) is a journal that publishes original research on the theory and applications of computer vision and image understanding. The scope includes image formation, processing, analysis, and interpretation, as well as object recognition, scene understanding, motion analysis, and 3D vision. The journal covers both computational models and biological vision.", "submission_url": "", "homepage_url": "", "keywords": [], "oa_type": "subscription", "impact_like_score": 0.0, "review_time": "", "apc": 0.0}
{"journal_id": "dke_2", "journal_name": "Data & Knowledge Engineering", "publisher": "unknown", "subject_tags": ["人工智能"], "ccf_rating": "B", "scope_text": "Data & Knowledge Engineering (DKE) is a journal that publishes original research on the theory and applications of data and knowledge engineering. The scope includes database systems, data mining, knowledge discovery, data warehousing, and information retrieval, as well as knowledge representation, reasoning, and management. The journal covers both theoretical foundations and practical applications in areas such as e-commerce, healthcare, and scientific data management.", "submission_url": "", "homepage_url": "", "keywords": [], "oa_type": "subscription", "impact_like_score": 0.0, "review_time": "", "apc": 0.0}
{"journal_id": "evolutionarycomputation", "journal_name": "Evolutionary Computation", "publisher": "unknown", "subject_tags": ["人工智能"], "ccf_rating": "B", "scope_text": "Evolutionary Computation is a journal that publishes original research on the theory and applications of evolutionary computation, including genetic algorithms, evolution strategies, genetic programming, and swarm intelligence. The scope includes optimization, learning, and adaptation, as well as applications in areas such as engineering design, bioinformatics, and robotics.", "submission_url": "", "homepage_url": "", "keywords": [], "oa_type": "subscription", "impact_like_score": 0.0, "review_time": "", "apc": 0.0}
{"journal_id": "tac", "journal_name": "IEEE Transactions on Affective Computing", "publisher": "IEEE", "subject_tags": ["人工智能"], "ccf_rating": "B", "scope_text": "IEEE Transactions on Affective Computing is a journal that publishes original research on the theory and applications of affective computing, including the recognition, interpretation, and generation of human emotions and affect. The scope includes multimodal emotion recognition, affective human-computer interaction, and affective applications in areas such as healthcare, education, and entertainment.", "submission_url": "", "homepage_url": "", "keywords": [], "oa_type": "subscription", "impact_like_score": 0.0, "review_time": "", "apc": 0.0}
{"journal_id": "taslp", "journal_name": "IEEE Transactions on Audio, Speech and Language Processing", "publisher": "IEEE", "subject_tags": ["人工智能"], "ccf_rating": "B", "scope_text": "IEEE Transactions on Audio, Speech and Language Processing is a journal that publishes original research on the theory and applications of audio, speech, and language processing. The scope includes speech recognition and synthesis, audio signal processing, natural language processing, and multimodal processing, as well as applications in areas such as human-computer interaction, communication, and healthcare.", "submission_url": "", "homepage_url": "", "keywords": [], "oa_type": "subscription", "impact_like_score": 0.0, "review_time": "", "apc": 0.0}
{"journal_id": "ieeetransactionsoncybernetics", "journal_name": "IEEE Transactions on Cybernetics", "publisher": "IEEE", "subject_tags": ["人工智能"], "ccf_rating": "B", "scope_text": "IEEE Transactions on Cybernetics is a journal that publishes original research on the theory and applications of cybernetics, including control systems, robotics, neural networks, and intelligent systems. The scope includes system modeling, control, optimization, and learning, as well as applications in areas such as manufacturing, transportation, and healthcare.", "submission_url": "", "homepage_url": "", "keywords": [], "oa_type": "subscription", "impact_like_score": 0.0, "review_time": "", "apc": 0.0}
{"journal_id": "tec", "journal_name": "IEEE Transactions on Evolutionary Computation", "publisher": "IEEE", "subject_tags": ["人工智能"], "ccf_rating": "B", "scope_text": "IEEE Transactions on Evolutionary Computation is a journal that publishes original research on the theory and applications of evolutionary computation, including genetic algorithms, evolution strategies, genetic programming, and swarm intelligence. The scope includes optimization, learning, and adaptation, as well as applications in areas such as engineering design, bioinformatics, and robotics.", "submission_url": "", "homepage_url": "", "keywords": [], "oa_type": "subscription", "impact_like_score": 0.0, "review_time": "", "apc": 0.0}
{"journal_id": "tfs", "journal_name": "IEEE Transactions on Fuzzy Systems", "publisher": "IEEE", "subject_tags": ["人工智能"], "ccf_rating": "B", "scope_text": "IEEE Transactions on Fuzzy Systems is a journal that publishes original research on the theory and applications of fuzzy systems, including fuzzy logic, fuzzy sets, and fuzzy control. The scope includes uncertainty modeling, decision making, and pattern recognition, as well as applications in areas such as control systems, robotics, and intelligent systems.", "submission_url": "", "homepage_url": "", "keywords": [], "oa_type": "subscription", "impact_like_score": 0.0, "review_time": "", "apc": 0.0}
{"journal_id": "tnnls", "journal_name": "IEEE Transactions on Neural Networks and learning systems", "publisher": "IEEE", "subject_tags": ["人工智能"], "ccf_rating": "B", "scope_text": "IEEE Transactions on Neural Networks and Learning Systems is a journal that publishes original research on the theory and applications of neural networks and learning systems, including deep learning, reinforcement learning, and pattern recognition. The scope includes network architectures, learning algorithms, and optimization, as well as applications in areas such as computer vision, speech recognition, and robotics.", "submission_url": "", "homepage_url": "", "keywords": [], "oa_type": "subscription", "impact_like_score": 0.0, "review_time": "", "apc": 0.0}
{"journal_id": "ijar", "journal_name": "International Journal of Approximate Reasoning", "publisher": "unknown", "subject_tags": ["人工智能"], "ccf_rating": "B", "scope_text": "International Journal of Approximate Reasoning is a journal that publishes original research on the theory and applications of approximate reasoning, including fuzzy logic, probabilistic reasoning, and uncertainty modeling. The scope includes knowledge representation, inference, and decision making, as well as applications in areas such as artificial intelligence, data mining, and expert systems.", "submission_url": "", "homepage_url": "", "keywords": [], "oa_type": "subscription", "impact_like_score": 0.0, "review_time": "", "apc": 0.0}
{"journal_id": "jair", "journal_name": "Journal of Artificial Intelligence Research", "publisher": "unknown", "subject_tags": ["人工智能"], "ccf_rating": "B", "scope_text": "Journal of Artificial Intelligence Research (JAIR) is a leading open access journal that publishes original research on all aspects of artificial intelligence, including reasoning, learning, planning, knowledge representation, perception, and natural language processing. The journal covers theoretical foundations, algorithms, and applications, as well as the relationship between AI and other disciplines.", "submission_url": "", "homepage_url": "", "keywords": [], "oa_type": "subscription", "impact_like_score": 0.0, "review_time": "", "apc": 0.0}
{"journal_id": "journalofautomatedreasoning", "journal_name": "Journal of Automated Reasoning", "publisher": "unknown", "subject_tags": ["人工智能"], "ccf_rating": "B", "scope_text": "Journal of Automated Reasoning is a journal that publishes original research on the theory and applications of automated reasoning, including theorem proving, model checking, and decision procedures. The scope includes logical reasoning, constraint solving, and verification, as well as applications in areas such as hardware and software verification, artificial intelligence, and formal methods.", "submission_url": "", "homepage_url": "", "keywords": [], "oa_type": "subscription", "impact_like_score": 0.0, "review_time": "", "apc": 0.0}
{"journal_id": "jslhr", "journal_name": "Journal of Speech, Language, and Hearing Research", "publisher": "unknown", "subject_tags": ["人工智能"], "ccf_rating": "B", "scope_text": "Journal of Speech, Language, and Hearing Research (JSLHR) is a journal that publishes original research on the theory and applications of speech, language, and hearing science. The scope includes speech production and perception, language processing, and auditory function, as well as disorders of speech, language, and hearing.", "submission_url": "", "homepage_url": "", "keywords": [], "oa_type": "subscription", "impact_like_score": 0.0, "review_time": "", "apc": 0.0}
{"journal_id": "machinelearning", "journal_name": "Machine Learning", "publisher": "unknown", "subject_tags": ["人工智能"], "ccf_rating": "B", "scope_text": "Machine Learning is a journal that publishes original research on the theory and applications of machine learning, including supervised and unsupervised learning, reinforcement learning, and probabilistic modeling. The scope includes algorithms, optimization, and evaluation, as well as applications in areas such as data mining, computer vision, and natural language processing.", "submission_url": "", "homepage_url": "", "keywords": [], "oa_type": "subscription", "impact_like_score": 0.0, "review_time": "", "apc": 0.0}
{"journal_id": "neuralcomputation", "journal_name": "Neural Computation", "publisher": "unknown", "subject_tags": ["人工智能"], "ccf_rating": "B", "scope_text": "Neural Computation is a journal that publishes original research on the theory and applications of neural computation, including neural networks, learning algorithms, and computational neuroscience. The scope includes network architectures, learning dynamics, and information processing, as well as applications in areas such as pattern recognition, robotics, and cognitive science.", "submission_url": "", "homepage_url": "", "keywords": [], "oa_type": "subscription", "impact_like_score": 0.0, "review_time": "", "apc": 0.0}
{"journal_id": "neuralnetworks", "journal_name": "Neural Networks", "publisher": "unknown", "subject_tags": ["人工智能"], "ccf_rating": "B", "scope_text": "Neural Networks is a journal that publishes original research on the theory and applications of neural networks, including deep learning, reinforcement learning, and computational neuroscience. The scope includes network architectures, learning algorithms, and optimization, as well as applications in areas such as computer vision, speech recognition, and robotics.", "submission_url": "", "homepage_url": "", "keywords": [], "oa_type": "subscription", "impact_like_score": 0.0, "review_time": "", "apc": 0.0}
{"journal_id": "pr", "journal_name": "Pattern Recognition", "publisher": "unknown", "subject_tags": ["人工智能"], "ccf_rating": "B", "scope_text": "Pattern Recognition is a journal that publishes original research on the theory and applications of pattern recognition, including classification, clustering, and feature extraction. The scope includes machine learning, image processing, and computer vision, as well as applications in areas such as biometrics, document analysis, and medical imaging.", "submission_url": "", "homepage_url": "", "keywords": [], "oa_type": "subscription", "impact_like_score": 0.0, "review_time": "", "apc": 0.0}
{"journal_id": "tacl", "journal_name": "Transactions of the Association for Computational Linguistics", "publisher": "unknown", "subject_tags": ["人工智能"], "ccf_rating": "B", "scope_text": "Transactions of the Association for Computational Linguistics (TACL) is a journal that publishes original research on all aspects of computational linguistics, including syntax, semantics, discourse, and pragmatics. The scope includes natural language processing, machine translation, information extraction, and text summarization, as well as applications in areas such as question answering and dialogue systems.", "submission_url": "", "homepage_url": "", "keywords": [], "oa_type": "subscription", "impact_like_score": 0.0, "review_time": "", "apc": 0.0}
{"journal_id": "tallip", "journal_name": "ACM Transactions on Asian and Low-Resource Language Information Processing", "publisher": "ACM", "subject_tags": ["人工智能"], "ccf_rating": "C", "scope_text": "ACM Transactions on Asian and Low-Resource Language Information Processing (TALLIP) is a journal that publishes original research on the processing of Asian and low-resource languages. The scope includes computational linguistics, natural language processing, machine translation, and information retrieval for these languages, as well as resource development and evaluation.", "submission_url": "", "homepage_url": "", "keywords": [], "oa_type": "subscription", "impact_like_score": 0.0, "review_time": "", "apc": 0.0}
{"journal_id": "appliedintelligence", "journal_name": "Applied Intelligence", "publisher": "unknown", "subject_tags": ["人工智能"], "ccf_rating": "C", "scope_text": "Applied Intelligence is a journal that publishes original research on the theory and applications of applied intelligence, including artificial intelligence, machine learning, and data mining. The scope includes intelligent systems, optimization, and decision making, as well as applications in areas such as engineering, finance, and healthcare.", "submission_url": "", "homepage_url": "", "keywords": [], "oa_type": "subscription", "impact_like_score": 0.0, "review_time": "", "apc": 0.0}
{"journal_id": "aim", "journal_name": "Artificial Intelligence in Medicine", "publisher": "unknown", "subject_tags": ["人工智能"], "ccf_rating": "C", "scope_text": "Artificial Intelligence in Medicine is a journal that publishes original research on the theory and applications of artificial intelligence in medicine, including clinical decision support, medical imaging, and health informatics. The scope includes machine learning, knowledge representation, and natural language processing, as well as applications in areas such as diagnosis, prognosis, and treatment planning.", "submission_url": "", "homepage_url": "", "keywords": [], "oa_type": "subscription", "impact_like_score": 0.0, "review_time": "", "apc": 0.0}
{"journal_id": "artificiallife", "journal_name": "Artificial Life", "publisher": "unknown", "subject_tags": ["人工智能"], "ccf_rating": "C", "scope_text": "Artificial Life is a journal that publishes original research on the theory and applications of artificial life, including the simulation and synthesis of living systems. The scope includes evolutionary computation, swarm intelligence, and self-organization, as well as applications in areas such as robotics, biology, and ecology.", "submission_url": "", "homepage_url": "", "keywords": [], "oa_type": "subscription", "impact_like_score": 0.0, "review_time": "", "apc": 0.0}
{"journal_id": "computationalintelligence", "journal_name": "Computational Intelligence", "publisher": "unknown", "subject_tags": ["人工智能"], "ccf_rating": "C", "scope_text": "Computational Intelligence is a journal that publishes original research on the theory and applications of computational intelligence, including neural networks, fuzzy systems, and evolutionary computation. The scope includes optimization, learning, and adaptation, as well as applications in areas such as engineering, finance, and robotics.", "submission_url": "", "homepage_url": "", "keywords": [], "oa_type": "subscription", "impact_like_score": 0.0, "review_time": "", "apc": 0.0}
{"journal_id": "computerspeechlanguage", "journal_name": "Computer Speech & Language", "publisher": "unknown", "subject_tags": ["人工智能"], "ccf_rating": "C", "scope_text": "Computer Speech & Language is a journal that publishes original research on the theory and applications of computer speech and language processing, including speech recognition, synthesis, and natural language processing. The scope includes acoustic modeling, language modeling, and dialogue systems, as well as applications in areas such as human-computer interaction and communication.", "submission_url": "", "homepage_url": "", "keywords": [], "oa_type": "subscription", "impact_like_score": 0.0, "review_time": "", "apc": 0.0}
{"journal_id": "connectionscience", "journal_name": "Connection Science", "publisher": "unknown", "subject_tags": ["人工智能"], "ccf_rating": "C", "scope_text": "Connection Science is a journal that publishes original research on the theory and applications of connectionist models, including neural networks and learning algorithms. The scope includes network architectures, learning dynamics, and information processing, as well as applications in areas such as pattern recognition, robotics, and cognitive science.", "submission_url": "", "homepage_url": "", "keywords": [], "oa_type": "subscription", "impact_like_score": 0.0, "review_time": "", "apc": 0.0}
{"journal_id": "dss", "journal_name": "Decision Support Systems", "publisher": "unknown", "subject_tags": ["人工智能"], "ccf_rating": "C", "scope_text": "Decision Support Systems is a journal that publishes original research on the theory and applications of decision support systems, including data warehousing, business intelligence, and analytics. The scope includes data mining, modeling, and optimization, as well as applications in areas such as finance, marketing, and operations management.", "submission_url": "", "homepage_url": "", "keywords": [], "oa_type": "subscription", "impact_like_score": 0.0, "review_time": "", "apc": 0.0}
{"journal_id": "eaai", "journal_name": "Engineering Applications of Artificial Intelligence", "publisher": "unknown", "subject_tags": ["人工智能"], "ccf_rating": "C", "scope_text": "Engineering Applications of Artificial Intelligence is a journal that publishes original research on the theory and applications of artificial intelligence in engineering, including intelligent control, optimization, and decision making. The scope includes machine learning, expert systems, and robotics, as well as applications in areas such as manufacturing, transportation, and energy.", "submission_url": "", "homepage_url": "", "keywords": [], "oa_type": "subscription", "impact_like_score": 0.0, "review_time": "", "apc": 0.0}
{"journal_id": "expertsystems", "journal_name": "Expert Systems", "publisher": "unknown", "subject_tags": ["人工智能"], "ccf_rating": "C", "scope_text": "Expert Systems is a journal that publishes original research on the theory and applications of expert systems, including knowledge-based systems, rule-based reasoning, and decision support. The scope includes knowledge acquisition, representation, and reasoning, as well as applications in areas such as engineering, finance, and healthcare.", "submission_url": "", "homepage_url": "", "keywords": [], "oa_type": "subscription", "impact_like_score": 0.0, "review_time": "", "apc": 0.0}
{"journal_id": "eswa", "journal_name": "Expert Systems with Applications", "publisher": "unknown", "subject_tags": ["人工智能"], "ccf_rating": "C", "scope_text": "Expert Systems with Applications is a journal that publishes original research on the theory and applications of expert systems and intelligent systems, including knowledge-based systems, machine learning, and data mining. The scope includes decision support, optimization, and pattern recognition, as well as applications in areas such as engineering, finance, and healthcare.", "submission_url": "", "homepage_url": "", "keywords": [], "oa_type": "subscription", "impact_like_score": 0.0, "review_time": "", "apc": 0.0}
{"journal_id": "fuzzysetsandsystems", "journal_name": "Fuzzy Sets and Systems", "publisher": "unknown", "subject_tags": ["人工智能"], "ccf_rating": "C", "scope_text": "Fuzzy Sets and Systems is a journal that publishes original research on the theory and applications of fuzzy sets and systems, including fuzzy logic, fuzzy control, and fuzzy decision making. The scope includes uncertainty modeling, pattern recognition, and optimization, as well as applications in areas such as engineering, finance, and robotics.", "submission_url": "", "homepage_url": "", "keywords": [], "oa_type": "subscription", "impact_like_score": 0.0, "review_time": "", "apc": 0.0}
{"journal_id": "tg", "journal_name": "IEEE Transactions on Games", "publisher": "IEEE", "subject_tags": ["人工智能"], "ccf_rating": "C", "scope_text": "IEEE Transactions on Games is a journal that publishes original research on the theory and applications of games, including game design, game AI, and game analytics. The scope includes player modeling, procedural content generation, and serious games, as well as applications in areas such as education, training, and entertainment.", "submission_url": "", "homepage_url": "", "keywords": [], "oa_type": "subscription", "impact_like_score": 0.0, "review_time": "", "apc": 0.0}
{"journal_id": "iet_cvi", "journal_name": "IET Computer Vision", "publisher": "unknown", "subject_tags": ["人工智能"], "ccf_rating": "C", "scope_text": "IET Computer Vision is a journal that publishes original research on the theory and applications of computer vision, including image processing, pattern recognition, and machine learning for vision. The scope includes object recognition, scene understanding, motion analysis, and 3D vision, as well as applications in areas such as surveillance, robotics, and medical imaging.", "submission_url": "", "homepage_url": "", "keywords": [], "oa_type": "subscription", "impact_like_score": 0.0, "review_time": "", "apc": 0.0}
{"journal_id": "ietsignalprocessing", "journal_name": "IET Signal Processing", "publisher": "unknown", "subject_tags": ["人工智能"], "ccf_rating": "C", "scope_text": "IET Signal Processing is a journal that publishes original research on the theory and applications of signal processing, including deterministic and statistical signal processing, adaptive filtering, and array processing. The scope includes audio, speech, image, video, and biomedical signal processing, as well as applications in areas such as communications, radar, and sonar.", "submission_url": "", "homepage_url": "", "keywords": [], "oa_type": "subscription", "impact_like_score": 0.0, "review_time": "", "apc": 0.0}
{"journal_id": "ivc", "journal_name": "Image and Vision Computing", "publisher": "unknown", "subject_tags": ["人工智能"], "ccf_rating": "C", "scope_text": "Image and Vision Computing is a journal that publishes original research on the theory and applications of image processing and computer vision, including image formation, processing, analysis, and understanding. The scope includes object recognition, scene understanding, motion analysis, and 3D vision, as well as applications in areas such as surveillance, robotics, and medical imaging.", "submission_url": "", "homepage_url": "", "keywords": [], "oa_type": "subscription", "impact_like_score": 0.0, "review_time": "", "apc": 0.0}
{"journal_id": "ida", "journal_name": "Intelligent Data Analysis", "publisher": "unknown", "subject_tags": ["人工智能"], "ccf_rating": "C", "scope_text": "Intelligent Data Analysis is a journal that publishes original research on the theory and applications of intelligent data analysis, including data mining, machine learning, and knowledge discovery. The scope includes classification, clustering, and pattern recognition, as well as applications in areas such as business intelligence, healthcare, and scientific data analysis.", "submission_url": "", "homepage_url": "", "keywords": [], "oa_type": "subscription", "impact_like_score": 0.0, "review_time": "", "apc": 0.0}
{"journal_id": "ijcia", "journal_name": "International Journal of Computational Intelligence and Applications", "publisher": "unknown", "subject_tags": ["人工智能"], "ccf_rating": "C", "scope_text": "International Journal of Computational Intelligence and Applications is a journal that publishes original research on the theory and applications of computational intelligence, including neural networks, fuzzy systems, and evolutionary computation. The scope includes optimization, learning, and adaptation, as well as applications in areas such as engineering, finance, and robotics.", "submission_url": "", "homepage_url": "", "keywords": [], "oa_type": "subscription", "impact_like_score": 0.0, "review_time": "", "apc": 0.0}
{"journal_id": "ijis_2", "journal_name": "International Journal of Intelligent Systems", "publisher": "unknown", "subject_tags": ["人工智能"], "ccf_rating": "C", "scope_text": "International Journal of Intelligent Systems is a journal that publishes original research on the theory and applications of intelligent systems, including artificial intelligence, machine learning, and knowledge-based systems. The scope includes reasoning, learning, and decision making, as well as applications in areas such as engineering, finance, and healthcare.", "submission_url": "", "homepage_url": "", "keywords": [], "oa_type": "subscription", "impact_like_score": 0.0, "review_time": "", "apc": 0.0}
{"journal_id": "ijns", "journal_name": "International Journal of Neural Systems", "publisher": "unknown", "subject_tags": ["人工智能"], "ccf_rating": "C", "scope_text": "International Journal of Neural Systems is a journal that publishes original research on the theory and applications of neural systems, including neural networks, computational neuroscience, and brain-computer interfaces. The scope includes network architectures, learning algorithms, and information processing, as well as applications in areas such as pattern recognition, robotics, and cognitive science.", "submission_url": "", "homepage_url": "", "keywords": [], "oa_type": "subscription", "impact_like_score": 0.0, "review_time": "", "apc": 0.0}
{"journal_id": "ijprai", "journal_name": "International Journal of Pattern Recognition and Artificial Intelligence", "publisher": "unknown", "subject_tags": ["人工智能"], "ccf_rating": "C", "scope_text": "International Journal of Pattern Recognition and Artificial Intelligence is a journal that publishes original research on the theory and applications of pattern recognition and artificial intelligence, including classification, clustering, and feature extraction. The scope includes machine learning, image processing, and computer vision, as well as applications in areas such as biometrics, document analysis, and medical imaging.", "submission_url": "", "homepage_url": "", "keywords": [], "oa_type": "subscription", "impact_like_score": 0.0, "review_time": "", "apc": 0.0}
{"journal_id": "ijufks", "journal_name": "International Journal of Uncertainty,Fuzziness and Knowledge-Based Systems", "publisher": "unknown", "subject_tags": ["人工智能"], "ccf_rating": "C", "scope_text": "International Journal of Uncertainty, Fuzziness and Knowledge-Based Systems is a journal that publishes original research on the theory and applications of uncertainty, fuzziness, and knowledge-based systems, including fuzzy logic, probabilistic reasoning, and rough sets. The scope includes uncertainty modeling, decision making, and pattern recognition, as well as applications in areas such as engineering, finance, and healthcare.", "submission_url": "https://www.dagstuhl.de/en", "homepage_url": "https://www.dagstuhl.de/en", "keywords": [], "oa_type": "subscription", "impact_like_score": 0.0, "review_time": "", "apc": 0.0}
{"journal_id": "ijdar", "journal_name": "International Journal on Document Analysis and Recognition", "publisher": "unknown", "subject_tags": ["人工智能"], "ccf_rating": "C", "scope_text": "International Journal on Document Analysis and Recognition (IJDAR) is a journal that publishes original research on the theory and applications of document analysis and recognition, including optical character recognition, document layout analysis, and handwriting recognition. The scope includes machine learning, image processing, and pattern recognition, as well as applications in areas such as digital libraries, historical document analysis, and automated forms processing.", "submission_url": "https://www.dagstuhl.de/en", "homepage_url": "https://www.dagstuhl.de/en", "keywords": [], "oa_type": "subscription", "impact_like_score": 0.0, "review_time": "", "apc": 0.0}
{"journal_id": "jetai", "journal_name": "Journal of Experimental and Theoretical Artificial Intelligence", "publisher": "unknown", "subject_tags": ["人工智能"], "ccf_rating": "C", "scope_text": "Journal of Experimental and Theoretical Artificial Intelligence is a journal that publishes original research on the theory and applications of artificial intelligence, including reasoning, learning, planning, and knowledge representation. The scope includes cognitive modeling, robotics, and natural language processing, as well as applications in areas such as engineering, finance, and healthcare.", "submission_url": "https://www.dagstuhl.de/en", "homepage_url": "https://www.dagstuhl.de/en", "keywords": [], "oa_type": "subscription", "impact_like_score": 0.0, "review_time": "", "apc": 0.0}
{"journal_id": "kbs", "journal_name": "Knowledge-Based Systems", "publisher": "unknown", "subject_tags": ["人工智能"], "ccf_rating": "C", "scope_text": "Knowledge-Based Systems is a journal that publishes original research on the theory and applications of knowledge-based systems, including expert systems, rule-based reasoning, and decision support. The scope includes knowledge acquisition, representation, and reasoning, as well as applications in areas such as engineering, finance, and healthcare.", "submission_url": "https://www.sciencedirect.com/journal/knowledge-based-systems", "homepage_url": "https://www.sciencedirect.com/journal/knowledge-based-systems", "keywords": [], "oa_type": "subscription", "impact_like_score": 0.0, "review_time": "", "apc": 0.0}
{"journal_id": "machinetranslation", "journal_name": "Machine Translation", "publisher": "unknown", "subject_tags": ["人工智能"], "ccf_rating": "C", "scope_text": "Machine Translation is a journal that publishes original research on the theory and applications of machine translation, including statistical machine translation, neural machine translation, and evaluation metrics. The scope includes natural language processing, computational linguistics, and multilingual information retrieval, as well as applications in areas such as cross-lingual communication and localization.", "submission_url": "", "homepage_url": "", "keywords": [], "oa_type": "subscription", "impact_like_score": 0.0, "review_time": "", "apc": 0.0}
{"journal_id": "machinevisionandapplications", "journal_name": "Machine Vision and Applications", "publisher": "unknown", "subject_tags": ["人工智能"], "ccf_rating": "C", "scope_text": "Machine Vision and Applications is a journal that publishes original research on the theory and applications of machine vision, including image processing, computer vision, and pattern recognition. The scope includes object recognition, scene understanding, motion analysis, and 3D vision, as well as applications in areas such as industrial inspection, robotics, and medical imaging.", "submission_url": "", "homepage_url": "", "keywords": [], "oa_type": "subscription", "impact_like_score": 0.0, "review_time": "", "apc": 0.0}
{"journal_id": "naturalcomputing", "journal_name": "Natural Computing", "publisher": "unknown", "subject_tags": ["人工智能"], "ccf_rating": "C", "scope_text": "Natural Computing is a journal that publishes original research on the theory and applications of natural computing, including evolutionary computation, neural networks, and swarm intelligence. The scope includes optimization, learning, and adaptation, as well as applications in areas such as engineering, finance, and robotics.", "submission_url": "", "homepage_url": "", "keywords": [], "oa_type": "subscription", "impact_like_score": 0.0, "review_time": "", "apc": 0.0}
{"journal_id": "nle", "journal_name": "Natural Language Engineering", "publisher": "unknown", "subject_tags": ["人工智能"], "ccf_rating": "C", "scope_text": "Natural Language Engineering is a journal that publishes original research on the theory and applications of natural language engineering, including natural language processing, computational linguistics, and text mining. The scope includes syntax, semantics, discourse, and pragmatics, as well as applications in areas such as machine translation, information extraction, and question answering.", "submission_url": "https://www.dagstuhl.de/en", "homepage_url": "https://www.dagstuhl.de/en", "keywords": [], "oa_type": "subscription", "impact_like_score": 0.0, "review_time": "", "apc": 0.0}
{"journal_id": "nca", "journal_name": "Neural Computing and Applications", "publisher": "unknown", "subject_tags": ["人工智能"], "ccf_rating": "C", "scope_text": "Neural Computing and Applications is a journal that publishes original research on the theory and applications of neural computing, including neural networks, deep learning, and reinforcement learning. The scope includes network architectures, learning algorithms, and optimization, as well as applications in areas such as pattern recognition, robotics, and finance.", "submission_url": "https://www.dagstuhl.de/en", "homepage_url": "https://www.dagstuhl.de/en", "keywords": [], "oa_type": "subscription", "impact_like_score": 0.0, "review_time": "", "apc": 0.0}
{"journal_id": "npl", "journal_name": "Neural Processing Letters", "publisher": "unknown", "subject_tags": ["人工智能"], "ccf_rating": "C", "scope_text": "Neural Processing Letters is a journal that publishes original research on the theory and applications of neural processing, including neural networks, learning algorithms, and computational neuroscience. The scope includes network architectures, learning dynamics, and information processing, as well as applications in areas such as pattern recognition, robotics, and cognitive science.", "submission_url": "https://www.dagstuhl.de/en", "homepage_url": "https://www.dagstuhl.de/en", "keywords": [], "oa_type": "subscription", "impact_like_score": 0.0, "review_time": "", "apc": 0.0}
{"journal_id": "neurocomputing", "journal_name": "Neurocomputing", "publisher": "unknown", "subject_tags": ["人工智能"], "ccf_rating": "C", "scope_text": "Neurocomputing is a journal that publishes original research on the theory and applications of neurocomputing, including neural networks, machine learning, and computational neuroscience. The scope includes network architectures, learning algorithms, and optimization, as well as applications in areas such as pattern recognition, robotics, and signal processing.", "submission_url": "", "homepage_url": "", "keywords": [], "oa_type": "subscription", "impact_like_score": 0.0, "review_time": "", "apc": 0.0}
{"journal_id": "paa", "journal_name": "Pattern Analysis and Applications", "publisher": "unknown", "subject_tags": ["人工智能"], "ccf_rating": "C", "scope_text": "Pattern Analysis and Applications is a journal that publishes original research on the theory and applications of pattern analysis, including classification, clustering, and feature extraction. The scope includes machine learning, image processing, and computer vision, as well as applications in areas such as biometrics, document analysis, and medical imaging.", "submission_url": "https://www.dagstuhl.de/en", "homepage_url": "https://www.dagstuhl.de/en", "keywords": [], "oa_type": "subscription", "impact_like_score": 0.0, "review_time": "", "apc": 0.0}
{"journal_id": "prl", "journal_name": "Pattern Recognition Letters", "publisher": "unknown", "subject_tags": ["人工智能"], "ccf_rating": "C", "scope_text": "Pattern Recognition Letters is a journal that publishes short, original research on the theory and applications of pattern recognition, including classification, clustering, and feature extraction. The scope includes machine learning, image processing, and computer vision, as well as applications in areas such as biometrics, document analysis, and medical imaging.", "submission_url": "https://www.sciencedirect.com/journal/pattern-recognition-letters", "homepage_url": "https://www.sciencedirect.com/journal/pattern-recognition-letters", "keywords": [], "oa_type": "subscription", "impact_like_score": 0.0, "review_time": "", "apc": 0.0}
{"journal_id": "softcomputing", "journal_name": "Soft Computing", "publisher": "unknown", "subject_tags": ["人工智能"], "ccf_rating": "C", "scope_text": "Soft Computing is a journal that publishes original research on the theory and applications of soft computing, including fuzzy logic, neural networks, and evolutionary computation. The scope includes uncertainty modeling, optimization, and decision making, as well as applications in areas such as engineering, finance, and robotics.", "submission_url": "", "homepage_url": "", "keywords": [], "oa_type": "subscription", "impact_like_score": 0.0, "review_time": "", "apc": 0.0}
{"journal_id": "wi", "journal_name": "Web Intelligence", "publisher": "unknown", "subject_tags": ["人工智能"], "ccf_rating": "C", "scope_text": "Web Intelligence is a journal that publishes original research on the theory and applications of web intelligence, including web mining, semantic web, and social network analysis. The scope includes machine learning, natural language processing, and information retrieval, as well as applications in areas such as e-commerce, recommender systems, and social media analysis.", "submission_url": "http://link.springer.com/journal/11576", "homepage_url": "http://link.springer.com/journal/11576", "keywords": [], "oa_type": "subscription", "impact_like_score": 0.0, "review_time": "", "apc": 0.0}
{"journal_id": "tiis", "journal_name": "ACM Transactions on Interactive Intelligent Systems", "publisher": "ACM", "subject_tags": ["人工智能"], "ccf_rating": "C", "scope_text": "ACM Transactions on Interactive Intelligent Systems (TIIS) is a journal that publishes original research on the theory and applications of interactive intelligent systems, including intelligent user interfaces, recommender systems, and conversational agents. The scope includes machine learning, natural language processing, and human-computer interaction, as well as applications in areas such as education, healthcare, and entertainment.", "submission_url": "https://dl.acm.org/journal/tiis", "homepage_url": "https://dl.acm.org/journal/tiis", "keywords": [], "oa_type": "subscription", "impact_like_score": 0.0, "review_time": "", "apc": 0.0}
{"journal_id": "telo", "journal_name": "ACM Transactions on Evolutionary Learning and Optimization", "publisher": "ACM", "subject_tags": ["人工智能"], "ccf_rating": "C", "scope_text": "ACM Transactions on Evolutionary Learning and Optimization (TELO) is a journal that publishes original research on the theory and applications of evolutionary learning and optimization, including genetic algorithms, evolution strategies, and swarm intelligence. The scope includes optimization, learning, and adaptation, as well as applications in areas such as engineering design, bioinformatics, and robotics.", "submission_url": "https://www.dagstuhl.de/en", "homepage_url": "https://www.dagstuhl.de/en", "keywords": [], "oa_type": "subscription", "impact_like_score": 0.0, "review_time": "", "apc": 0.0}
{"journal_id": "jats", "journal_name": "ACM Journal on Autonomous Transportation Systems", "publisher": "ACM", "subject_tags": ["人工智能"], "ccf_rating": "C", "scope_text": "ACM Journal on Autonomous Transportation Systems (JATS) is a journal that publishes original research on the theory and applications of autonomous transportation systems, including autonomous vehicles, intelligent transportation systems, and traffic control. The scope includes perception, planning, and control, as well as applications in areas such as automotive, aerospace, and logistics.", "submission_url": "", "homepage_url": "", "keywords": [], "oa_type": "subscription", "impact_like_score": 0.0, "review_time": "", "apc": 0.0}
{"journal_id": "tochi", "journal_name": "ACM Transactions on Computer-Human Interaction", "publisher": "ACM", "subject_tags": ["人机交互与普适计算"], "ccf_rating": "A", "scope_text": "ACM Transactions on Computer-Human Interaction (TOCHI) is a journal that publishes original research on the theory and applications of computer-human interaction, including user interface design, user experience, and interaction techniques. The scope includes human factors, usability, and accessibility, as well as applications in areas such as software engineering, information systems, and gaming.", "submission_url": "https://dl.acm.org/journal/tochi", "homepage_url": "https://dl.acm.org/journal/tochi", "keywords": [], "oa_type": "subscription", "impact_like_score": 0.0, "review_time": "", "apc": 0.0}
{"journal_id": "ijhcs", "journal_name": "International Journal of Human-Computer Studies", "publisher": "unknown", "subject_tags": ["人机交互与普适计算"], "ccf_rating": "A", "scope_text": "International Journal of Human-Computer Studies (IJHCS) is a journal that publishes original research on the theory and applications of human-computer interaction, including user interface design, user experience, and interaction techniques. The scope includes cognitive engineering, human factors, and usability, as well as applications in areas such as software engineering, information systems, and gaming.", "submission_url": "", "homepage_url": "", "keywords": [], "oa_type": "subscription", "impact_like_score": 0.0, "review_time": "", "apc": 0.0}
{"journal_id": "cscw", "journal_name": "Computer Supported Cooperative Work", "publisher": "unknown", "subject_tags": ["人机交互与普适计算"], "ccf_rating": "B", "scope_text": "Computer Supported Cooperative Work (CSCW) is a journal that publishes original research on the theory and applications of computer supported cooperative work, including collaboration technologies, groupware, and social computing. The scope includes human-computer interaction, organizational behavior, and computer-mediated communication, as well as applications in areas such as virtual teams, e-learning, and healthcare.", "submission_url": "https://www.dagstuhl.de/en", "homepage_url": "https://www.dagstuhl.de/en", "keywords": [], "oa_type": "subscription", "impact_like_score": 0.0, "review_time": "", "apc": 0.0}
{"journal_id": "hci", "journal_name": "Human-Computer Interaction", "publisher": "unknown", "subject_tags": ["人机交互与普适计算"], "ccf_rating": "B", "scope_text": "Human-Computer Interaction (HCI) is a journal that publishes original research on the theory and applications of human-computer interaction, including user interface design, user experience, and interaction techniques. The scope includes cognitive engineering, human factors, and usability, as well as applications in areas such as software engineering, information systems, and gaming.", "submission_url": "", "homepage_url": "", "keywords": [], "oa_type": "subscription", "impact_like_score": 0.0, "review_time": "", "apc": 0.0}
{"journal_id": "ieeetransactionsonhumanmachinesystems", "journal_name": "IEEE Transactions on Human-Machine Systems", "publisher": "IEEE", "subject_tags": ["人机交互与普适计算"], "ccf_rating": "B", "scope_text": "IEEE Transactions on Human-Machine Systems is a journal that publishes original research on the theory and applications of human-machine systems, including human-computer interaction, human-robot interaction, and human factors. The scope includes user interface design, interaction techniques, and usability, as well as applications in areas such as automotive, aerospace, and healthcare.", "submission_url": "", "homepage_url": "", "keywords": [], "oa_type": "subscription", "impact_like_score": 0.0, "review_time": "", "apc": 0.0}
{"journal_id": "iwc", "journal_name": "Interacting with Computers", "publisher": "unknown", "subject_tags": ["人机交互与普适计算"], "ccf_rating": "B", "scope_text": "Interacting with Computers is a journal that publishes original research on the theory and applications of human-computer interaction, including user interface design, user experience, and interaction techniques. The scope includes cognitive engineering, human factors, and usability, as well as applications in areas such as software engineering, information systems, and gaming.", "submission_url": "http://www.sciencedirect.com/science/journal/09535438", "homepage_url": "http://www.sciencedirect.com/science/journal/09535438", "keywords": [], "oa_type": "subscription", "impact_like_score": 0.0, "review_time": "", "apc": 0.0}
{"journal_id": "ijhci", "journal_name": "International Journal of Human-Computer Interaction", "publisher": "unknown", "subject_tags": ["人机交互与普适计算"], "ccf_rating": "B", "scope_text": "International Journal of Human-Computer Interaction (IJHCI) is a journal that publishes original research on the theory and applications of human-computer interaction, including user interface design, user experience, and interaction techniques. The scope includes cognitive engineering, human factors, and usability, as well as applications in areas such as software engineering, information systems, and gaming.", "submission_url": "https://www.dagstuhl.de/en", "homepage_url": "https://www.dagstuhl.de/en", "keywords": [], "oa_type": "subscription", "impact_like_score": 0.0, "review_time": "", "apc": 0.0}
{"journal_id": "umuai", "journal_name": "User Modeling and User-Adapted Interaction", "publisher": "unknown", "subject_tags": ["人机交互与普适计算"], "ccf_rating": "B", "scope_text": "User Modeling and User-Adapted Interaction (UMUAI) is a journal that publishes original research on the theory and applications of user modeling and user-adapted interaction, including personalized systems, recommender systems, and adaptive interfaces. The scope includes machine learning, human-computer interaction, and artificial intelligence, as well as applications in areas such as e-commerce, education, and healthcare.", "submission_url": "https://www.dagstuhl.de/en", "homepage_url": "https://www.dagstuhl.de/en", "keywords": [], "oa_type": "subscription", "impact_like_score": 0.0, "review_time": "", "apc": 0.0}
{"journal_id": "tsmc", "journal_name": "IEEE Transactions on Systems, Man, and Cybernetics: Systems", "publisher": "IEEE", "subject_tags": ["人机交互与普适计算"], "ccf_rating": "B", "scope_text": "IEEE Transactions on Systems, Man, and Cybernetics: Systems is a journal that publishes original research on the theory and applications of systems engineering, human-machine systems, and cybernetics. The scope includes system modeling, control, optimization, and decision making, as well as applications in areas such as manufacturing, transportation, and healthcare.", "submission_url": "", "homepage_url": "", "keywords": [], "oa_type": "subscription", "impact_like_score": 0.0, "review_time": "", "apc": 0.0}
{"journal_id": "ccf_tpci", "journal_name": "CCF Transactions on Pervasive Computing and Interaction", "publisher": "unknown", "subject_tags": ["人机交互与普适计算"], "ccf_rating": "B", "scope_text": "CCF Transactions on Pervasive Computing and Interaction is a journal that publishes original research on the theory and applications of pervasive computing and human-computer interaction, including ubiquitous computing, mobile computing, and context-aware systems. The scope includes sensors, networks, and middleware, as well as applications in areas such as smart homes, healthcare, and transportation.", "submission_url": "", "homepage_url": "", "keywords": [], "oa_type": "subscription", "impact_like_score": 0.0, "review_time": "", "apc": 0.0}
{"journal_id": "bit", "journal_name": "Behaviour & Information Technology", "publisher": "unknown", "subject_tags": ["人机交互与普适计算"], "ccf_rating": "C", "scope_text": "Behaviour & Information Technology (BIT) is a journal that publishes original research on the theory and applications of human-computer interaction, including user interface design, user experience, and interaction techniques. The scope includes cognitive engineering, human factors, and usability, as well as applications in areas such as software engineering, information systems, and gaming.", "submission_url": "", "homepage_url": "", "keywords": [], "oa_type": "subscription", "impact_like_score": 0.0, "review_time": "", "apc": 0.0}
{"journal_id": "puc", "journal_name": "Personal and Ubiquitous Computing", "publisher": "unknown", "subject_tags": ["人机交互与普适计算"], "ccf_rating": "C", "scope_text": "Personal and Ubiquitous Computing (PUC) is a journal that publishes original research on the theory and applications of personal and ubiquitous computing, including mobile computing, wearable computing, and context-aware systems. The scope includes sensors, networks, and middleware, as well as applications in areas such as smart homes, healthcare, and transportation.", "submission_url": "", "homepage_url": "", "keywords": [], "oa_type": "subscription", "impact_like_score": 0.0, "review_time": "", "apc": 0.0}
{"journal_id": "pmc", "journal_name": "Pervasive and Mobile Computing", "publisher": "unknown", "subject_tags": ["人机交互与普适计算"], "ccf_rating": "C", "scope_text": "Pervasive and Mobile Computing (PMC) is a journal that publishes original research on the theory and applications of pervasive and mobile computing, including ubiquitous computing, mobile networking, and context-aware systems. The scope includes sensors, networks, and middleware, as well as applications in areas such as smart cities, healthcare, and transportation.", "submission_url": "", "homepage_url": "", "keywords": [], "oa_type": "subscription", "impact_like_score": 0.0, "review_time": "", "apc": 0.0}
{"journal_id": "pacmhci", "journal_name": "Proceedings of the ACM on Human-Computer Interaction", "publisher": "ACM", "subject_tags": ["人机交互与普适计算"], "ccf_rating": "C", "scope_text": "Proceedings of the ACM on Human-Computer Interaction (PACMHCI) is a journal that publishes original research on all aspects of human-computer interaction, including user interface design, user experience, and interaction techniques. The scope includes cognitive engineering, human factors, and usability, as well as applications in areas such as software engineering, information systems, and gaming.", "submission_url": "", "homepage_url": "", "keywords": [], "oa_type": "subscription", "impact_like_score": 0.0, "review_time": "", "apc": 0.0}
{"journal_id": "thri", "journal_name": "ACM Transactions on Human-Robot Interaction", "publisher": "ACM", "subject_tags": ["人机交互与普适计算"], "ccf_rating": "C", "scope_text": "ACM Transactions on Human-Robot Interaction (THRI) is a journal that publishes original research on the theory and applications of human-robot interaction, including robot design, user studies, and interaction techniques. The scope includes cognitive engineering, human factors, and usability, as well as applications in areas such as healthcare, education, and entertainment.", "submission_url": "", "homepage_url": "", "keywords": [], "oa_type": "subscription", "impact_like_score": 0.0, "review_time": "", "apc": 0.0}
{"journal_id": "jacm", "journal_name": "Journal of the ACM", "publisher": "ACM", "subject_tags": ["交叉/综合/新兴"], "ccf_rating": "A", "scope_text": "Journal of the ACM (JACM) is a leading journal that publishes original research on all aspects of computer science, including algorithms, complexity, programming languages, artificial intelligence, and computer systems. The scope includes theoretical foundations and practical applications, as well as the relationship between computer science and other disciplines.", "submission_url": "", "homepage_url": "", "keywords": [], "oa_type": "subscription", "impact_like_score": 0.0, "review_time": "", "apc": 0.0}
{"journal_id": "proc._ieee", "journal_name": "Proceedings of the IEEE", "publisher": "IEEE", "subject_tags": ["交叉/综合/新兴"], "ccf_rating": "A", "scope_text": "Proceedings of the IEEE is a journal that publishes original research on the theory and applications of electrical and computer engineering, including communications, computing, control, and signal processing. The scope includes emerging technologies and interdisciplinary research, as well as applications in areas such as telecommunications, energy, and healthcare.", "submission_url": "", "homepage_url": "", "keywords": [], "oa_type": "subscription", "impact_like_score": 0.0, "review_time": "", "apc": 0.0}
{"journal_id": "scis", "journal_name": "Science China Information Sciences", "publisher": "Science China", "subject_tags": ["交叉/综合/新兴"], "ccf_rating": "A", "scope_text": "Science China Information Sciences is a journal that publishes original research on the theory and applications of information sciences, including computer science, artificial intelligence, and communications. The scope includes algorithms, systems, and networks, as well as applications in areas such as big data, cloud computing, and cybersecurity.", "submission_url": "", "homepage_url": "", "keywords": [], "oa_type": "subscription", "impact_like_score": 0.0, "review_time": "", "apc": 0.0}
{"journal_id": "bioinformatics", "journal_name": "Bioinformatics", "publisher": "unknown", "subject_tags": ["交叉/综合/新兴"], "ccf_rating": "A", "scope_text": "Bioinformatics is a journal that publishes original research on the theory and applications of bioinformatics, including genomic, proteomic, and metabolomic data analysis. The scope includes algorithms, databases, and software tools, as well as applications in areas such as molecular biology, medicine, and biotechnology.", "submission_url": "", "homepage_url": "", "keywords": [], "oa_type": "subscription", "impact_like_score": 0.0, "review_time": "", "apc": 0.0}
{"journal_id": "briefingsinbioinformatics", "journal_name": "Briefings in Bioinformatics", "publisher": "unknown", "subject_tags": ["交叉/综合/新兴"], "ccf_rating": "B", "scope_text": "Briefings in Bioinformatics is a journal that publishes original research on the theory and applications of bioinformatics, including genomic, proteomic, and metabolomic data analysis. The scope includes algorithms, databases, and software tools, as well as applications in areas such as molecular biology, medicine, and biotechnology.", "submission_url": "", "homepage_url": "", "keywords": [], "oa_type": "subscription", "impact_like_score": 0.0, "review_time": "", "apc": 0.0}
{"journal_id": "cognition", "journal_name": "Cognition", "publisher": "unknown", "subject_tags": ["交叉/综合/新兴"], "ccf_rating": "B", "scope_text": "Cognition is a journal that publishes original research on the theory and applications of cognitive science, including perception, attention, memory, language, and reasoning. The scope includes cognitive psychology, neuroscience, and artificial intelligence, as well as applications in areas such as education, healthcare, and human-computer interaction.", "submission_url": "", "homepage_url": "", "keywords": [], "oa_type": "subscription", "impact_like_score": 0.0, "review_time": "", "apc": 0.0}
{"journal_id": "tasae", "journal_name": "IEEE Transactions on Automation Science and Engineering", "publisher": "IEEE", "subject_tags": ["交叉/综合/新兴"], "ccf_rating": "B", "scope_text": "IEEE Transactions on Automation Science and Engineering is a journal that publishes original research on the theory and applications of automation science and engineering, including robotics, control systems, and manufacturing. The scope includes modeling, optimization, and decision making, as well as applications in areas such as logistics, healthcare, and transportation.", "submission_url": "", "homepage_url": "", "keywords": [], "oa_type": "subscription", "impact_like_score": 0.0, "review_time": "", "apc": 0.0}
{"journal_id": "tgars", "journal_name": "IEEE Transactions on Geoscience and Remote Sensing", "publisher": "IEEE", "subject_tags": ["交叉/综合/新兴"], "ccf_rating": "B", "scope_text": "IEEE Transactions on Geoscience and Remote Sensing is a journal that publishes original research on the theory and applications of geoscience and remote sensing, including image processing, signal processing, and data analysis. The scope includes algorithms, sensors, and systems, as well as applications in areas such as environmental monitoring, geology, and agriculture.", "submission_url": "", "homepage_url": "", "keywords": [], "oa_type": "subscription", "impact_like_score": 0.0, "review_time": "", "apc": 0.0}
{"journal_id": "tits", "journal_name": "IEEE Transactions on Intelligent Transportation Systems", "publisher": "IEEE", "subject_tags": ["交叉/综合/新兴"], "ccf_rating": "B", "scope_text": "IEEE Transactions on Intelligent Transportation Systems is a journal that publishes original research on the theory and applications of intelligent transportation systems, including traffic control, vehicle automation, and transportation networks. The scope includes modeling, optimization, and decision making, as well as applications in areas such as automotive, aerospace, and logistics.", "submission_url": "", "homepage_url": "", "keywords": [], "oa_type": "subscription", "impact_like_score": 0.0, "review_time": "", "apc": 0.0}
{"journal_id": "tmi", "journal_name": "IEEE Transactions on Medical Imaging", "publisher": "IEEE", "subject_tags": ["交叉/综合/新兴"], "ccf_rating": "B", "scope_text": "IEEE Transactions on Medical Imaging is a journal that publishes original research on the theory and applications of medical imaging, including image processing, analysis, and visualization. The scope includes algorithms, systems, and modalities, as well as applications in areas such as radiology, cardiology, and neurology.", "submission_url": "", "homepage_url": "", "keywords": [], "oa_type": "subscription", "impact_like_score": 0.0, "review_time": "", "apc": 0.0}
{"journal_id": "tr", "journal_name": "IEEE Transactions on Robotics", "publisher": "IEEE", "subject_tags": ["交叉/综合/新兴"], "ccf_rating": "B", "scope_text": "IEEE Transactions on Robotics is a journal that publishes original research on the theory and applications of robotics, including kinematics, dynamics, control, and perception. The scope includes algorithms, systems, and software, as well as applications in areas such as manufacturing, healthcare, and exploration.", "submission_url": "", "homepage_url": "", "keywords": [], "oa_type": "subscription", "impact_like_score": 0.0, "review_time": "", "apc": 0.0}
{"journal_id": "tcbb", "journal_name": "IEEE/ACM Transactions on Computational Biology and Bioinformatics", "publisher": "ACM", "subject_tags": ["交叉/综合/新兴"], "ccf_rating": "B", "scope_text": "IEEE/ACM Transactions on Computational Biology and Bioinformatics is a journal that publishes original research on the theory and applications of computational biology and bioinformatics, including genomic, proteomic, and metabolomic data analysis. The scope includes algorithms, databases, and software tools, as well as applications in areas such as molecular biology, medicine, and biotechnology.", "submission_url": "", "homepage_url": "", "keywords": [], "oa_type": "subscription", "impact_like_score": 0.0, "review_time": "", "apc": 0.0}
{"journal_id": "jcst", "journal_name": "Journal of Computer Science and Technology", "publisher": "unknown", "subject_tags": ["交叉/综合/新兴"], "ccf_rating": "B", "scope_text": "Journal of Computer Science and Technology (JCST) is a journal that publishes original research on the theory and applications of computer science and technology, including algorithms, systems, and networks. The scope includes artificial intelligence, data science, and cybersecurity, as well as applications in areas such as cloud computing, big data, and the Internet of Things.", "submission_url": "", "homepage_url": "", "keywords": [], "oa_type": "subscription", "impact_like_score": 0.0, "review_time": "", "apc": 0.0}
{"journal_id": "jamia", "journal_name": "Journal of the American Medical Informatics Association", "publisher": "unknown", "subject_tags": ["交叉/综合/新兴"], "ccf_rating": "B", "scope_text": "Journal of the American Medical Informatics Association (JAMIA) is a journal that publishes original research on the theory and applications of medical informatics, including clinical informatics, public health informatics, and translational bioinformatics. The scope includes electronic health records, decision support, and health data analytics, as well as applications in areas such as healthcare quality, patient safety, and personalized medicine.", "submission_url": "", "homepage_url": "", "keywords": [], "oa_type": "subscription", "impact_like_score": 0.0, "review_time": "", "apc": 0.0}
{"journal_id": "ploscomputationalbiology", "journal_name": "PLOS Computational Biology", "publisher": "unknown", "subject_tags": ["交叉/综合/新兴"], "ccf_rating": "B", "scope_text": "PLOS Computational Biology is a journal that publishes original research on the theory and applications of computational biology, including genomic, proteomic, and metabolomic data analysis. The scope includes algorithms, databases, and software tools, as well as applications in areas such as molecular biology, medicine, and biotechnology.", "submission_url": "", "homepage_url": "", "keywords": [], "oa_type": "subscription", "impact_like_score": 0.0, "review_time": "", "apc": 0.0}
{"journal_id": "thecomputerjournal", "journal_name": "The Computer Journal", "publisher": "unknown", "subject_tags": ["交叉/综合/新兴"], "ccf_rating": "B", "scope_text": "The Computer Journal is a journal that publishes original research on the theory and applications of computer science, including algorithms, systems, and networks. The scope includes artificial intelligence, data science, and cybersecurity, as well as applications in areas such as cloud computing, big data, and the Internet of Things.", "submission_url": "", "homepage_url": "", "keywords": [], "oa_type": "subscription", "impact_like_score": 0.0, "review_time": "", "apc": 0.0}
{"journal_id": "www", "journal_name": "The Web Conference", "publisher": "unknown", "subject_tags": ["交叉/综合/新兴"], "ccf_rating": "B", "scope_text": "The Web Conference (WWW) is a journal that publishes original research on the theory and applications of the World Wide Web, including web technologies, web mining, and social network analysis. The scope includes web search, recommender systems, and online communities, as well as applications in areas such as e-commerce, social media, and digital libraries.", "submission_url": "", "homepage_url": "", "keywords": [], "oa_type": "subscription", "impact_like_score": 0.0, "review_time": "", "apc": 0.0}
{"journal_id": "fcs", "journal_name": "Frontiers of Computer Science", "publisher": "unknown", "subject_tags": ["交叉/综合/新兴"], "ccf_rating": "B", "scope_text": "Frontiers of Computer Science is a journal that publishes original research on the theory and applications of computer science, including algorithms, systems, and networks. The scope includes artificial intelligence, data science, and cybersecurity, as well as applications in areas such as cloud computing, big data, and the Internet of Things.", "submission_url": "", "homepage_url": "", "keywords": [], "oa_type": "subscription", "impact_like_score": 0.0, "review_time": "", "apc": 0.0}
{"journal_id": "bcra", "journal_name": "Blockchain: Research and Applications", "publisher": "unknown", "subject_tags": ["交叉/综合/新兴"], "ccf_rating": "B", "scope_text": "Blockchain: Research and Applications is a journal that publishes original research on the theory and applications of blockchain technology, including consensus algorithms, smart contracts, and cryptocurrencies. The scope includes distributed ledger technology, decentralized applications, and blockchain security, as well as applications in areas such as finance, supply chain, and healthcare.", "submission_url": "", "homepage_url": "", "keywords": [], "oa_type": "subscription", "impact_like_score": 0.0, "review_time": "", "apc": 0.0}
{"journal_id": "bmcbioinformatics", "journal_name": "BMC Bioinformatics", "publisher": "unknown", "subject_tags": ["交叉/综合/新兴"], "ccf_rating": "C", "scope_text": "BMC Bioinformatics is a journal that publishes original research on the theory and applications of bioinformatics, including genomic, proteomic, and metabolomic data analysis. The scope includes algorithms, databases, and software tools, as well as applications in areas such as molecular biology, medicine, and biotechnology.", "submission_url": "", "homepage_url": "", "keywords": [], "oa_type": "subscription", "impact_like_score": 0.0, "review_time": "", "apc": 0.0}
{"journal_id": "cyberneticsandsystems", "journal_name": "Cybernetics and Systems", "publisher": "unknown", "subject_tags": ["交叉/综合/新兴"], "ccf_rating": "C", "scope_text": "Cybernetics and Systems is a journal that publishes original research on the theory and applications of cybernetics and systems science, including control theory, information theory, and systems theory. The scope includes modeling, optimization, and decision making, as well as applications in areas such as engineering, economics, and biology.", "submission_url": "", "homepage_url": "", "keywords": [], "oa_type": "subscription", "impact_like_score": 0.0, "review_time": "", "apc": 0.0}
{"journal_id": "ieeegeoscienceandremotesensingletters", "journal_name": "IEEE Geoscience and Remote Sensing Letters", "publisher": "IEEE", "subject_tags": ["交叉/综合/新兴"], "ccf_rating": "C", "scope_text": "IEEE Geoscience and Remote Sensing Letters is a journal that publishes short, original research on the theory and applications of geoscience and remote sensing, including image processing, signal processing, and data analysis. The scope includes algorithms, sensors, and systems, as well as applications in areas such as environmental monitoring, geology, and agriculture.", "submission_url": "", "homepage_url": "", "keywords": [], "oa_type": "subscription", "impact_like_score": 0.0, "review_time": "", "apc": 0.0}
{"journal_id": "jbhi", "journal_name": "IEEE Journal of Biomedical and Health Informatics", "publisher": "IEEE", "subject_tags": ["交叉/综合/新兴"], "ccf_rating": "C", "scope_text": "IEEE Journal of Biomedical and Health Informatics is a journal that publishes original research on the theory and applications of biomedical and health informatics, including clinical informatics, public health informatics, and translational bioinformatics. The scope includes electronic health records, decision support, and health data analytics, as well as applications in areas such as healthcare quality, patient safety, and personalized medicine.", "submission_url": "", "homepage_url": "", "keywords": [], "oa_type": "subscription", "impact_like_score": 0.0, "review_time": "", "apc": 0.0}
{"journal_id": "tbd", "journal_name": "IEEE Transactions on Big Data", "publisher": "IEEE", "subject_tags": ["交叉/综合/新兴"], "ccf_rating": "C", "scope_text": "IEEE Transactions on Big Data is a journal that publishes original research on the theory and applications of big data, including data management, analytics, and visualization. The scope includes algorithms, systems, and platforms, as well as applications in areas such as business intelligence, scientific computing, and social media.", "submission_url": "", "homepage_url": "", "keywords": [], "oa_type": "subscription", "impact_like_score": 0.0, "review_time": "", "apc": 0.0}
{"journal_id": "ietintelligenttransportsystems", "journal_name": "IET Intelligent Transport Systems", "publisher": "unknown", "subject_tags": ["交叉/综合/新兴"], "ccf_rating": "C", "scope_text": "IET Intelligent Transport Systems is a journal that publishes original research on the theory and applications of intelligent transport systems, including traffic control, vehicle automation, and transportation networks. The scope includes modeling, optimization, and decision making, as well as applications in areas such as automotive, aerospace, and logistics.", "submission_url": "", "homepage_url": "", "keywords": [], "oa_type": "subscription", "impact_like_score": 0.0, "review_time": "", "apc": 0.0}
{"journal_id": "jbi", "journal_name": "Journal of Biomedical Informatics", "publisher": "unknown", "subject_tags": ["交叉/综合/新兴"], "ccf_rating": "C", "scope_text": "Journal of Biomedical Informatics is a journal that publishes original research on the theory and applications of biomedical informatics, including clinical informatics, public health informatics, and translational bioinformatics. The scope includes electronic health records, decision support, and health data analytics, as well as applications in areas such as healthcare quality, patient safety, and personalized medicine.", "submission_url": "", "homepage_url": "", "keywords": [], "oa_type": "subscription", "impact_like_score": 0.0, "review_time": "", "apc": 0.0}
{"journal_id": "medicalimageanalysis", "journal_name": "Medical Image Analysis", "publisher": "unknown", "subject_tags": ["交叉/综合/新兴"], "ccf_rating": "C", "scope_text": "Medical Image Analysis is a journal that publishes original research on the theory and applications of medical image analysis, including image processing, segmentation, and registration. The scope includes algorithms, systems, and modalities, as well as applications in areas such as radiology, cardiology, and neurology.", "submission_url": "", "homepage_url": "", "keywords": [], "oa_type": "subscription", "impact_like_score": 0.0, "review_time": "", "apc": 0.0}
{"journal_id": "tii", "journal_name": "IEEE Transactions on Industrial Informatics", "publisher": "IEEE", "subject_tags": ["交叉/综合/新兴"], "ccf_rating": "C", "scope_text": "IEEE Transactions on Industrial Informatics is a journal that publishes original research on the theory and applications of industrial informatics, including automation, control, and communication in industrial systems. The scope includes modeling, optimization, and decision making, as well as applications in areas such as manufacturing, energy, and logistics.", "submission_url": "", "homepage_url": "", "keywords": [], "oa_type": "subscription", "impact_like_score": 0.0, "review_time": "", "apc": 0.0}
{"journal_id": "tcps", "journal_name": "ACM Transactions on Cyber-Physical Systems", "publisher": "ACM", "subject_tags": ["交叉/综合/新兴"], "ccf_rating": "C", "scope_text": "ACM Transactions on Cyber-Physical Systems (TCPS) is a journal that publishes original research on the theory and applications of cyber-physical systems, including embedded systems, control systems, and sensor networks. The scope includes modeling, analysis, and verification, as well as applications in areas such as automotive, aerospace, and healthcare.", "submission_url": "", "homepage_url": "", "keywords": [], "oa_type": "subscription", "impact_like_score": 0.0, "review_time": "", "apc": 0.0}
{"journal_id": "toce", "journal_name": "ACM Transactions on Computing Education", "publisher": "ACM", "subject_tags": ["交叉/综合/新兴"], "ccf_rating": "C", "scope_text": "ACM Transactions on Computing Education (TOCE) is a journal that publishes original research on the theory and applications of computing education, including pedagogy, curriculum design, and assessment. The scope includes computer science education, software engineering education, and data science education, as well as applications in areas such as K-12 education, higher education, and professional training.", "submission_url": "", "homepage_url": "", "keywords": [], "oa_type": "subscription", "impact_like_score": 0.0, "review_time": "", "apc": 0.0}
{"journal_id": "eitee", "journal_name": "ENGINEERING Information Technology & Electronic Engineering", "publisher": "unknown", "subject_tags": ["交叉/综合/新兴"], "ccf_rating": "C", "scope_text": "ENGINEERING Information Technology & Electronic Engineering (EITEE) is a journal that publishes original research on the theory and applications of information technology and electronic engineering, including communications, computing, and control. The scope includes algorithms, systems, and networks, as well as applications in areas such as telecommunications, energy, and healthcare.", "submission_url": "", "homepage_url": "", "keywords": [], "oa_type": "subscription", "impact_like_score": 0.0, "review_time": "", "apc": 0.0}
{"journal_id": "tcss", "journal_name": "IEEE Transactions on Computational Social Systems", "publisher": "IEEE", "subject_tags": ["交叉/综合/新兴"], "ccf_rating": "C", "scope_text": "IEEE Transactions on Computational Social Systems is a journal that publishes original research on the theory and applications of computational social systems, including social network analysis, social simulation, and social media analytics. The scope includes data mining, machine learning, and natural language processing, as well as applications in areas such as sociology, political science, and economics.", "submission_url": "", "homepage_url": "", "keywords": [], "oa_type": "subscription", "impact_like_score": 0.0, "review_time": "", "apc": 0.0}
{"journal_id": "ieeetransactionsonreliability", "journal_name": "IEEE Transactions on Reliability", "publisher": "IEEE", "subject_tags": ["交叉/综合/新兴"], "ccf_rating": "C", "scope_text": "IEEE Transactions on Reliability is a journal that publishes original research on the theory and applications of reliability engineering, including failure analysis, fault tolerance, and maintenance. The scope includes modeling, analysis, and optimization, as well as applications in areas such as manufacturing, telecommunications, and aerospace.", "submission_url": "", "homepage_url": "", "keywords": [], "oa_type": "subscription", "impact_like_score": 0.0, "review_time": "", "apc": 0.0}
{"journal_id": "health", "journal_name": "ACM Transactions on Computing for Healthcare", "publisher": "ACM", "subject_tags": ["交叉/综合/新兴"], "ccf_rating": "C", "scope_text": "ACM Transactions on Computing for Healthcare (HEALTH) is a journal that publishes original research on the theory and applications of computing for healthcare, including biomedical informatics, health informatics, and clinical decision support. The scope includes algorithms, systems, and applications, as well as topics such as electronic health records, telemedicine, and personalized medicine.", "submission_url": "", "homepage_url": "", "keywords": [], "oa_type": "subscription", "impact_like_score": 0.0, "review_time": "", "apc": 0.0}
{"journal_id": "acm_dlt", "journal_name": "ACM Distributed Ledger Technologies: Research and Practice", "publisher": "ACM", "subject_tags": ["交叉/综合/新兴"], "ccf_rating": "C", "scope_text": "ACM Distributed Ledger Technologies: Research and Practice (ACM DLT) is a journal that publishes original research on the theory and applications of distributed ledger technologies, including blockchain, smart contracts, and cryptocurrencies. The scope includes consensus algorithms, scalability, and security, as well as applications in areas such as finance, supply chain, and healthcare.", "submission_url": "", "homepage_url": "", "keywords": [], "oa_type": "subscription", "impact_like_score": 0.0, "review_time": "", "apc": 0.0}
