{"journal_id": "tocs", "journal_name": "ACM Transactions on Computer Systems", "publisher": "ACM", "subject_tags": ["计算机体系结构/并行与分布计算/存储系统"], "ccf_rating": "A", "scope_text": "computer systems, operating systems, system architecture, hardware, distributed systems, optimizing compilers, computer networks, system design, system implementation, system analysis, system evaluation, research highlights, technical correspondence", "submission_url": "https://dl.acm.org/journal/tocs", "homepage_url": "https://dl.acm.org/journal/tocs", "keywords": [], "oa_type": "subscription", "impact_like_score": 0.0, "review_time": "", "apc": 0.0}
{"journal_id": "tos", "journal_name": "ACM Transactions on Storage", "publisher": "ACM", "subject_tags": ["计算机体系结构/并行与分布计算/存储系统"], "ccf_rating": "A", "scope_text": "data storage, storage systems, IoT devices, handhelds, geo-distributed clouds, networked and distributed systems, operating systems, virtualization, file systems, resource management, data backup, archival, availability, reliability, hardware devices, performance management, security, privacy, coding theory, energy efficiency, sustainability", "submission_url": "https://dl.acm.org/journal/tos", "homepage_url": "https://dl.acm.org/journal/tos", "keywords": [], "oa_type": "subscription", "impact_like_score": 0.0, "review_time": "", "apc": 0.0}
{"journal_id": "tcad", "journal_name": "IEEE Transactions on Computer-Aided Design of Integrated Circuits and Systems", "publisher": "IEEE", "subject_tags": ["计算机体系结构/并行与分布计算/存储系统"], "ccf_rating": "A", "scope_text": "computer-aided design, integrated circuits, analog components, digital components, mixed-signal, optical components, microwave components, methods, models, algorithms, man-machine interfaces, system-level design, physical design, logical design, planning, synthesis, partitioning, modeling, simulation, layout, verification, testing, hardware-software co-design, documentation, performance, power, reliability, testability, security", "submission_url": "https://ieeexplore.ieee.org/xpl/RecentIssue.jsp?punumber=43", "homepage_url": "https://ieeexplore.ieee.org/xpl/RecentIssue.jsp?punumber=43", "keywords": [], "oa_type": "subscription", "impact_like_score": 0.0, "review_time": "", "apc": 0.0}
{"journal_id": "tc", "journal_name": "IEEE Transactions on Computers", "publisher": "IEEE", "subject_tags": ["计算机体系结构/并行与分布计算/存储系统"], "ccf_rating": "A", "scope_text": "computer organizations, architectures, operating systems, software systems, communication protocols, real-time systems, embedded systems, digital devices, computer components, interconnection networks, specification, design, prototyping, testing methods, testing tools, performance, fault tolerance, reliability, security, testability, case studies, experimental evaluations, theoretical evaluations, applications, trends", "submission_url": "https://dl.acm.org/journal/itco", "homepage_url": "https://dl.acm.org/journal/itco", "keywords": [], "oa_type": "subscription", "impact_like_score": 0.0, "review_time": "", "apc": 0.0}
{"journal_id": "tpds", "journal_name": "IEEE Transactions on Parallel and Distributed Systems", "publisher": "IEEE", "subject_tags": ["计算机体系结构/并行与分布计算/存储系统"], "ccf_rating": "A", "scope_text": "parallel algorithms, distributed algorithms, models of computation, numerical algorithms, combinatorial algorithms, data-intensive parallel algorithms, scalability, data structures, communication protocols, synchronization protocols, network algorithms, scheduling, load balancing, big data applications, parallel crowd sourcing, social network analysis, cloud computing, grid computing, scientific applications, biomedical applications, mobile computing, cyber-physical systems, parallel architectures, distributed architectures, instruction-level parallelism, thread-level parallelism, multiple-processor systems, multicore processors, heterogeneous many-core systems, petascale systems, exascale systems, big data architectures, graphics processors, signal processors, network processors, media accelerators, power-efficient computing, green computing, dependable architectures, performance modeling, parallel software, multicore programming languages, compilers, runtime systems, operating systems, internet computing, web services, resource management, middleware", "submission_url": "https://ieeexplore.ieee.org/xpl/RecentIssue.jsp?punumber=71", "homepage_url": "https://ieeexplore.ieee.org/xpl/RecentIssue.jsp?punumber=71", "keywords": [], "oa_type": "subscription", "impact_like_score": 0.0, "review_time": "", "apc": 0.0}
{"journal_id": "taco", "journal_name": "ACM Transactions on Architecture and Code Optimization", "publisher": "ACM", "subject_tags": ["计算机体系结构/并行与分布计算/存储系统"], "ccf_rating": "A", "scope_text": "computer architecture, code optimization, hardware, software, system research, hardware developers, software developers, architects, designers", "submission_url": "https://dl.acm.org/journal/taco", "homepage_url": "https://dl.acm.org/journal/taco", "keywords": [], "oa_type": "subscription", "impact_like_score": 0.0, "review_time": "", "apc": 0.0}
{"journal_id": "taas", "journal_name": "ACM Transactions on Autonomous and Adaptive Systems", "publisher": "ACM", "subject_tags": ["计算机体系结构/并行与分布计算/存储系统"], "ccf_rating": "B", "scope_text": "autonomous adaptive systems, system design, system software architectures, enabling technologies, experimental validation", "submission_url": "https://dl.acm.org/journal/taas", "homepage_url": "https://dl.acm.org/journal/taas", "keywords": [], "oa_type": "subscription", "impact_like_score": 0.0, "review_time": "", "apc": 0.0}
{"journal_id": "todaes", "journal_name": "ACM Transactions on Design Automation of Electronic Systems", "publisher": "ACM", "subject_tags": ["计算机体系结构/并行与分布计算/存储系统"], "ccf_rating": "B", "scope_text": "design automation, electronic systems, specification, design, analysis, simulation, testing, evaluation, machine learning, AI, design automation for AI, AI for design automation", "submission_url": "https://dl.acm.org/journal/todaes", "homepage_url": "https://dl.acm.org/journal/todaes", "keywords": [], "oa_type": "subscription", "impact_like_score": 0.0, "review_time": "", "apc": 0.0}
{"journal_id": "tecs", "journal_name": "ACM Transactions on Embedded Computing Systems", "publisher": "ACM", "subject_tags": ["计算机体系结构/并行与分布计算/存储系统"], "ccf_rating": "B", "scope_text": "embedded computing systems, software, hardware, algorithms, analytical models, methodologies, analysis, design, behavior", "submission_url": "https://dl.acm.org/journal/tecs", "homepage_url": "https://dl.acm.org/journal/tecs", "keywords": [], "oa_type": "subscription", "impact_like_score": 0.0, "review_time": "", "apc": 0.0}
{"journal_id": "trets", "journal_name": "ACM Transactions on Reconfigurable Technology and Systems", "publisher": "ACM", "subject_tags": ["计算机体系结构/并行与分布计算/存储系统"], "ccf_rating": "B", "scope_text": "reconfigurable technology, reconfigurable computers, reconfigurable devices, field programmable gate arrays, FPGAs, coarse-grained reconfigurable architectures, CGRAs, structured ASICs, reconfigurable system abstractions, platforms, programming environments, operating systems, design automation, application successes", "submission_url": "https://dl.acm.org/journal/trets", "homepage_url": "https://dl.acm.org/journal/trets", "keywords": [], "oa_type": "subscription", "impact_like_score": 0.0, "review_time": "", "apc": 0.0}
{"journal_id": "tvlsi", "journal_name": "IEEE Transactions on Very Large Scale Integration (VLSI) Systems", "publisher": "IEEE", "subject_tags": ["计算机体系结构/并行与分布计算/存储系统"], "ccf_rating": "B", "scope_text": "VLSI, ULSI, microelectronic systems, systems architecture, logic design, circuit design, chip fabrication, wafer fabrication, packaging, testing, systems applications, system-level test, reliable VLSI systems, high performance computing, communication systems, wafer scale integration, multichip modules, high-speed interconnects, neural networks, adaptive computing systems, FPGA, mixed analog/digital systems", "submission_url": "https://ieeexplore.ieee.org/xpl/RecentIssue.jsp?punumber=92", "homepage_url": "https://ieeexplore.ieee.org/xpl/RecentIssue.jsp?punumber=92", "keywords": [], "oa_type": "subscription", "impact_like_score": 0.0, "review_time": "", "apc": 0.0}
{"journal_id": "jpdc", "journal_name": "Journal of Parallel and Distributed Computing", "publisher": "unknown", "subject_tags": ["计算机体系结构/并行与分布计算/存储系统"], "ccf_rating": "B", "scope_text": "parallel processing, distributed computing, parallel algorithms, innovative computer architectures, parallel programming, accelerators, cloud computing, edge computing, fog computing, data-intensive platforms, graph processing, irregular applications, parallel programming models, distributed programming models, software tools, distributed systems, Internet of Things, performance analysis, emerging technologies, memory technologies, quantum computing, application-specific architectures, accelerator-based architectures, reconfigurable architecture, interconnection networks, routers, network interface architecture", "submission_url": "https://www.sciencedirect.com/journal/journal-of-parallel-and-distributed-computing", "homepage_url": "https://www.sciencedirect.com/journal/journal-of-parallel-and-distributed-computing", "keywords": [], "oa_type": "subscription", "impact_like_score": 0.0, "review_time": "", "apc": 0.0}
{"journal_id": "jsa", "journal_name": "Journal of Systems Architecture: Embedded Software Design", "publisher": "unknown", "subject_tags": ["计算机体系结构/并行与分布计算/存储系统"], "ccf_rating": "B", "scope_text": "embedded systems, software, microarchitecture, system software, application-specific architecture, real-time systems, operating systems, programming languages, communications, mobile systems, parallel architectures, distributed architectures, system architecture, design automation, hardware/software co-design, open source software, software impacts", "submission_url": "https://www.sciencedirect.com/journal/journal-of-systems-architecture", "homepage_url": "https://www.sciencedirect.com/journal/journal-of-systems-architecture", "keywords": [], "oa_type": "subscription", "impact_like_score": 0.0, "review_time": "", "apc": 0.0}
{"journal_id": "parallelcomputing", "journal_name": "Parallel Computing", "publisher": "unknown", "subject_tags": ["计算机体系结构/并行与分布计算/存储系统"], "ccf_rating": "B", "scope_text": "parallel computer systems, high-performance architecture, system software, programming systems, tools, applications, high-end parallel computing, homogeneous computing nodes, heterogeneous computing nodes, multi-node systems, programming languages, compilation techniques, operating systems, middleware, resource management, scheduling, load-balancing, debuggers, performance tools, numeric libraries, software engineering, productivity, scientific computing, deep learning, machine learning, performance measurement, parallel I/O, networking technology, hybrid quantum-classical computing, quantum-classical algorithms", "submission_url": "", "homepage_url": "", "keywords": [], "oa_type": "subscription", "impact_like_score": 0.0, "review_time": "", "apc": 0.0}
{"journal_id": "performanceevaluationaninternationaljournal", "journal_name": "Performance Evaluation: An International Journal", "publisher": "unknown", "subject_tags": ["计算机体系结构/并行与分布计算/存储系统"], "ccf_rating": "B", "scope_text": "performance evaluation, modeling, measurement, computing systems, communication systems, performance engineers, network managers, computer system designers, resource allocation, routing, flow control, bandwidth allocation, load-balancing, system tuning, system sizing, optimal configuration, system reliability, dependability, energy efficiency, energy harvesting, system architecture, computer networks, software-defined networks, wireless networks, cognitive radio, ad-hoc networks, quantum networks, data centers, cloud computing, IoT, edge computing, cyber-physical systems, social networks, social media, metaverse, AI-based services, big data, storage systems, blockchain, distributed ledgers, autonomous systems, self-organizing systems, embedded systems, stochastic models, queueing theory, mean-field models, stochastic geometry, data-driven methods, AI, machine learning, inference, statistical analysis, scheduling theory, simulation methods, game theory, pricing, measurement techniques, workload characterization", "submission_url": "", "homepage_url": "", "keywords": [], "oa_type": "subscription", "impact_like_score": 0.0, "review_time": "", "apc": 0.0}
{"journal_id": "tcc", "journal_name": "IEEE Transactions on Cloud Computing", "publisher": "IEEE", "subject_tags": ["计算机体系结构/并行与分布计算/存储系统"], "ccf_rating": "B", "scope_text": "cloud computing, theory, algorithms, systems, applications, performance, innovative research ideas, application results, case studies", "submission_url": "https://ieeexplore.ieee.org/xpl/RecentIssue.jsp?punumber=6245519", "homepage_url": "https://ieeexplore.ieee.org/xpl/RecentIssue.jsp?punumber=6245519", "keywords": [], "oa_type": "subscription", "impact_like_score": 0.0, "review_time": "", "apc": 0.0}
{"journal_id": "jetc", "journal_name": "ACM Journal on Emerging Technologies in Computing Systems", "publisher": "ACM", "subject_tags": ["计算机体系结构/并行与分布计算/存储系统"], "ccf_rating": "C", "scope_text": "emerging technologies, computing systems, semiconductor devices, nanotechnologies, biological/biochemical technologies, nanoscale electronic, asynchronous computing, quantum computing, sensor technologies, logic primitive design, system-level specification, software-level specification, mixed-technology systems, green computing, sustainable computing, biotechnology", "submission_url": "https://dl.acm.org/journal/jetc", "homepage_url": "https://dl.acm.org/journal/jetc", "keywords": [], "oa_type": "subscription", "impact_like_score": 0.0, "review_time": "", "apc": 0.0}
{"journal_id": "concurrencyandcomputationpracticeandexperience", "journal_name": "Concurrency and Computation: Practice and Experience", "publisher": "unknown", "subject_tags": ["计算机体系结构/并行与分布计算/存储系统"], "ccf_rating": "C", "scope_text": "parallel computing, distributed computing systems, high-performance computing, data science, artificial intelligence, machine learning, big data, security, quantum computing, cloud computing", "submission_url": "", "homepage_url": "", "keywords": [], "oa_type": "subscription", "impact_like_score": 0.0, "review_time": "", "apc": 0.0}
{"journal_id": "dc", "journal_name": "Distributed Computing", "publisher": "unknown", "subject_tags": ["计算机体系结构/并行与分布计算/存储系统"], "ccf_rating": "C", "scope_text": "distributed systems, distributed algorithms, architectures, protocols, communication networks, synchronization protocols, concurrent programming, distributed operating systems, fault-tolerance, reliability, availability, security, mobile networks, sensor networks, ad hoc networks, internet applications, concurrency theory, specification, semantics, verification, testing", "submission_url": "http://link.springer.com/journal/446", "homepage_url": "http://link.springer.com/journal/446", "keywords": [], "oa_type": "subscription", "impact_like_score": 0.0, "review_time": "", "apc": 0.0}
{"journal_id": "fgcs", "journal_name": "Future Generation Computer Systems", "publisher": "unknown", "subject_tags": ["计算机体系结构/并行与分布计算/存储系统"], "ccf_rating": "C", "scope_text": "eScience, computing infrastructures, distributed sensing, computing systems, Big Data, grids, clouds, Internet of Things, collaborative environments, high performance computing, workflow applications, problem solving environments, virtual laboratories, semantic systems, knowledge based systems, collaborative infrastructures, virtual organizations, high throughput computing, urgent computing, resource management, scheduling, information management, protocols, standards, internet computing, security, process specification, program design, algorithm design, scaling theory", "submission_url": "", "homepage_url": "", "keywords": [], "oa_type": "subscription", "impact_like_score": 0.0, "review_time": "", "apc": 0.0}
{"journal_id": "integration", "journal_name": "Integration, the VLSI Journal", "publisher": "unknown", "subject_tags": ["计算机体系结构/并行与分布计算/存储系统"], "ccf_rating": "C", "scope_text": "VLSI, very large-scale integration, design, verification, test, electronic design automation, EDA, integrated circuits, systems, process technologies, device technologies, analog circuits, digital circuits, VLSI architectures, modeling, simulation, synthesis, verification, embedded systems, high-level synthesis, logic synthesis, finite automata, test generation, physical design, formal verification, algorithms, systems engineering, heterogeneous systems, reconfigurable systems, emerging devices, interconnect technologies, quantum computing, EDA for quantum computing", "submission_url": "", "homepage_url": "", "keywords": [], "oa_type": "subscription", "impact_like_score": 0.0, "review_time": "", "apc": 0.0}
{"journal_id": "jetta", "journal_name": "Journal of Electronic Testing-Theory and Applications", "publisher": "unknown", "subject_tags": ["计算机体系结构/并行与分布计算/存储系统"], "ccf_rating": "C", "scope_text": "electronic testing, VLSI devices, printed circuit boards, electronic systems, analog circuits, digital circuits, microprocessors, memories, signal processing devices, fault modeling, test generation, fault simulation, testability analysis, design for testability, synthesis for testability, built-in self-test, fault tolerance, formal verification, simulation, design debugging, AI methods, expert systems, automatic test equipment, ATE, test fixtures, electron beam test, test programming, test data analysis, economics of testing, quality, reliability, CAD tools, wafer-scale integration, yield improvement, failure mode analysis", "submission_url": "", "homepage_url": "", "keywords": [], "oa_type": "subscription", "impact_like_score": 0.0, "review_time": "", "apc": 0.0}
{"journal_id": "jgc", "journal_name": "The Journal of Grid computing", "publisher": "unknown", "subject_tags": ["计算机体系结构/并行与分布计算/存储系统"], "ccf_rating": "C", "scope_text": "grid computing, resource sharing, coordinated problem solving, virtual organizations, protocols, middleware, security, discovery, sharing, management, computing resources, storage resources, data resources, scaling, peer-to-peer computing, internet computing, design environments, application development tools, languages, compilation techniques, grid applications, system solutions, science, engineering, commerce, sensor nets, education, collaboration technologies, optical infrastructures, wireless infrastructures, market dynamics", "submission_url": "", "homepage_url": "", "keywords": [], "oa_type": "subscription", "impact_like_score": 0.0, "review_time": "", "apc": 0.0}
{"journal_id": "rts", "journal_name": "Real-Time Systems", "publisher": "unknown", "subject_tags": ["计算机体系结构/并行与分布计算/存储系统"], "ccf_rating": "C", "scope_text": "real-time systems, real-time computing, requirements engineering, specification, verification techniques, design methods, tools, programming languages, operating systems, scheduling algorithms, architecture, hardware, interfacing, dependability, safety, distributed architectures, wireless communications, wireless sensor systems, distributed databases, artificial intelligence, expert systems, case studies, command and control systems, process control, automated manufacturing, flight control, avionics, defense systems, vision, robotics, pervasive computing, ubiquitous computing, embedded systems", "submission_url": "", "homepage_url": "", "keywords": [], "oa_type": "subscription", "impact_like_score": 0.0, "review_time": "", "apc": 0.0}
{"journal_id": "tjsc", "journal_name": "The Journal of Supercomputing", "publisher": "unknown", "subject_tags": ["计算机体系结构/并行与分布计算/存储系统"], "ccf_rating": "C", "scope_text": "supercomputing, technology, architecture, systems, algorithms, languages, programs, performance measures, methods, applications, tutorial papers, survey papers, policy, paradoxes, partial results", "submission_url": "", "homepage_url": "", "keywords": [], "oa_type": "subscription", "impact_like_score": 0.0, "review_time": "", "apc": 0.0}
{"journal_id": "tcasi", "journal_name": "IEEE Transactions on Circuits and Systems I: Regular Papers", "publisher": "IEEE", "subject_tags": ["计算机体系结构/并行与分布计算/存储系统"], "ccf_rating": "C", "scope_text": "circuits, systems, theory, analysis, design, implementation, circuit techniques, signal processing, analog circuits, digital circuits, mixed signal circuits, nonlinear circuits, integrated sensors, MEMS, systems on chip, nanoscale circuits, optoelectronic circuits, power electronics, software for analog-and-logic circuits, control aspects", "submission_url": "", "homepage_url": "", "keywords": [], "oa_type": "subscription", "impact_like_score": 0.0, "review_time": "", "apc": 0.0}
{"journal_id": "ccf_thpc", "journal_name": "CCF Transactions on High Performance Computing", "publisher": "unknown", "subject_tags": ["计算机体系结构/并行与分布计算/存储系统"], "ccf_rating": "C", "scope_text": "supercomputing, high performance computing, HPC, architectures, processors, multicore, GPU, custom logic, novel computer architecture, reconfigurable architecture, special purpose architecture, processor micro-architecture, memory hierarchy, cache coherence, memory consistency, supercomputing systems, hardware/software co-design, communication middleware, resilience, reliability, interconnection, languages, compilers, power-efficient systems, energy-efficient systems, performance benchmarks, energy efficiency, system cooling, large-scale system management, parallel algorithms, storage, parallel I/O, high-performance file systems, solid state storage, NVM, fault tolerance, I/O performance tuning, HPC applications, atmospheric science, materials science, astrophysics, biology, AI", "submission_url": "", "homepage_url": "", "keywords": [], "oa_type": "subscription", "impact_like_score": 0.0, "review_time": "", "apc": 0.0}
{"journal_id": "tsusc", "journal_name": "IEEE Transactions on Sustainable Computing", "publisher": "IEEE", "subject_tags": ["计算机体系结构/并行与分布计算/存储系统"], "ccf_rating": "C", "scope_text": "sustainable computing, energy efficiency, natural resources preservation, multiple energy sources, computing devices, infrastructure, optimization, machine learning, decision support systems, meta-heuristics, game-theory, sustainability problems, computing environments, information processing environments", "submission_url": "", "homepage_url": "", "keywords": [], "oa_type": "subscription", "impact_like_score": 0.0, "review_time": "", "apc": 0.0}
{"journal_id": "jsac", "journal_name": "IEEE Journal on Selected Areas in Communications", "publisher": "IEEE", "subject_tags": ["计算机网络"], "ccf_rating": "A", "scope_text": "communications, networking, network coding, wireless communication networks, pervasive communications, healthcare, network infrastructure configuration, broadband access networks, architectures, protocols, body area networking, technology, applications, underwater wireless communication networks, game theory, communication systems, limited feedback", "submission_url": "", "homepage_url": "", "keywords": [], "oa_type": "subscription", "impact_like_score": 0.0, "review_time": "", "apc": 0.0}
{"journal_id": "tmc", "journal_name": "IEEE Transactions on Mobile Computing", "publisher": "IEEE", "subject_tags": ["计算机网络"], "ccf_rating": "A", "scope_text": "mobile computing, architectures, support services, algorithm design, protocol design, mobile environments, mobile communication systems, applications, emerging technologies, mobile networks, hosts, agents, proxies, mobility management, nomadic computing, multimedia operating system support, power management, online environments, limited bandwidth, intermittent connectivity, data management, knowledge management, performance modeling, security, scalability, reliability, wireless systems, cellular systems, spread-spectrum systems, multi-user techniques, multi-access techniques, multi-channel processing, channel coding, data coding, compression, location-dependent applications, wearable computers, body area networks, multimedia applications, multimedia signal processing, pervasive computing, wireless sensor networks", "submission_url": "", "homepage_url": "", "keywords": [], "oa_type": "subscription", "impact_like_score": 0.0, "review_time": "", "apc": 0.0}
{"journal_id": "ton", "journal_name": "IEEE Transactions on Networking", "publisher": "IEEE", "subject_tags": ["计算机网络"], "ccf_rating": "A", "scope_text": "communication networks, computer networking, information transport networks, physical layer technologies, wireline networks, optical networks, wireless networks, radio-frequency, acoustic networks, infra-red networks, networks-on-a-chip, high-speed intra-system interconnection networks, backbone networks, access telecom networks, logical networks, overlay networks, cellular mobile telecom networks, wireless local area networks, ad hoc networks, mesh wireless networks, inter-vehicular networks, delay-tolerant networks, disruption-tolerant networks, network architecture, network design, network resource allocation, traffic engineering, modeling, performance analysis, protocols, formal methods, verification, testing, conversion, network software, directory services, call processing, signaling, network hardware, network operations, management, network planning, evolution, reliability, survivability, measurements, network tomography, security, intrusion detection, telephony, packet networks, file transfer, email, world wide web, streaming video, storage, data-centers, peer-to-peer file sharing, online social networks, cyber-physical systems, distributed sensing, function computation, control over networks", "submission_url": "", "homepage_url": "", "keywords": [], "oa_type": "subscription", "impact_like_score": 0.0, "review_time": "", "apc": 0.0}
{"journal_id": "toit", "journal_name": "ACM Transactions on Internet Technology", "publisher": "ACM", "subject_tags": ["计算机网络"], "ccf_rating": "B", "scope_text": "internet technology, computer software engineering, programming languages, middleware, database management, security, knowledge discovery, data mining, networking, distributed systems, communications, performance, scalability", "submission_url": "", "homepage_url": "", "keywords": [], "oa_type": "subscription", "impact_like_score": 0.0, "review_time": "", "apc": 0.0}
{"journal_id": "tomm", "journal_name": "ACM Transactions on Multimedia Computing, Communications and Applications", "publisher": "ACM", "subject_tags": ["计算机网络"], "ccf_rating": "B", "scope_text": "multimedia computing, I/O devices, OS, storage systems, streaming media middleware, continuous media representations, media coding, media processing, multimedia communications, real-time protocols, end-to-end streaming media, resource allocation, multicast protocols, multimedia applications, databases, distributed collaboration, video conferencing, 3D virtual environments", "submission_url": "", "homepage_url": "", "keywords": [], "oa_type": "subscription", "impact_like_score": 0.0, "review_time": "", "apc": 0.0}
{"journal_id": "tosn", "journal_name": "ACM Transactions on Sensor Networks", "publisher": "ACM", "subject_tags": ["计算机网络"], "ccf_rating": "B", "scope_text": "sensor networks, concepts, techniques, analyses, architectures, tools, systems, experiments, high-impact applications, systemic approaches", "submission_url": "", "homepage_url": "", "keywords": [], "oa_type": "subscription", "impact_like_score": 0.0, "review_time": "", "apc": 0.0}
{"journal_id": "cn", "journal_name": "Computer Networks", "publisher": "unknown", "subject_tags": ["计算机网络"], "ccf_rating": "B", "scope_text": "computer communications, telecommunications, networking, local area networks, LANs, metropolitan area networks, MANs, wide area networks, WANs, wired networks, wireless networks, mobile networks, cellular networks, sensor networks, optical networks, IP, ATM, switching technologies, network protocols, medium access control, error control, routing, resource discovery, multicasting, congestion control, flow control, scheduling, multimedia quality of service, protocol specification, protocol testing, protocol verification, network services, web, web caching, web performance, middleware, operating system support, electronic commerce, adaptive applications, network security, privacy, security protocols, authentication, denial of service, anonymity, smartcards, intrusion detection, key management, viruses, malicious codes, information flow, data integrity, mobile code, agent security, network operation, network management, network pricing, network system software, signaling protocols, mobility management, power management, power control, network planning, network dimensioning, network reliability, network performance measurements, network modeling, discrete algorithms, discrete modeling", "submission_url": "", "homepage_url": "", "keywords": [], "oa_type": "subscription", "impact_like_score": 0.0, "review_time": "", "apc": 0.0}
{"journal_id": "tcom", "journal_name": "IEEE Transactions on Communications", "publisher": "IEEE", "subject_tags": ["计算机网络"], "ccf_rating": "B", "scope_text": "telecommunications, telephone, telegraphy, facsimile, television, electromagnetic propagation, radio, wire, aerial, underground cables, coaxial cables, submarine cables, waveguides, communication satellites, lasers, marine services, aeronautical services, space services, fixed station services, repeaters, radio relaying, signal storage, signal regeneration, telecommunication error detection, error correction, multiplexing, carrier techniques, communication switching systems, data communications, communication theory", "submission_url": "", "homepage_url": "", "keywords": [], "oa_type": "subscription", "impact_like_score": 0.0, "review_time": "", "apc": 0.0}
{"journal_id": "twc", "journal_name": "IEEE Transactions on Wireless Communications", "publisher": "IEEE", "subject_tags": ["计算机网络"], "ccf_rating": "B", "scope_text": "wireless communications, modulation, coding, detection, estimation, diversity techniques, equalization, propagation, channel characterization, fading countermeasures, multiuser detection, signal separation, interference rejection, DSP applications, broadband wireless communications, network architectures, protocols, physical layer, link layer, adaptive antennas, multiple access techniques, space-time processing, synchronization techniques, software radio, resource allocation, interference management, multirate communications, multicarrier communications, security, privacy, authentication, experimental results, prototype results, mobile satellites, wireless local loops, wireless LANs, wireless PBX, PCS/cellular, simulation tools, orthogonal frequency division multiplexing, OFDM, MIMO systems, wireless over optical", "submission_url": "", "homepage_url": "", "keywords": [], "oa_type": "subscription", "impact_like_score": 0.0, "review_time": "", "apc": 0.0}
{"journal_id": "adhocnetworks", "journal_name": "Ad hoc Networks", "publisher": "unknown", "subject_tags": ["计算机网络"], "ccf_rating": "C", "scope_text": "ad hoc networks, sensor networks, wireless local area networks, personal area networks, home networks, autonomous intelligent systems, self-organizing network architectures, transport layer protocols, routing protocols, unicast, multicast, geocast, media access control, error control, power-aware designs, low-power designs, energy-efficient designs, synchronization, scheduling, mobility management, location tracking, location-based services, resource management, information management, security, fault-tolerance, hardware platforms, software platforms, testbeds, quality of service, cross-layer interactions, scalability, performance analysis, simulation of protocols", "submission_url": "", "homepage_url": "", "keywords": [], "oa_type": "subscription", "impact_like_score": 0.0, "review_time": "", "apc": 0.0}
{"journal_id": "cc", "journal_name": "Computer Communications", "publisher": "unknown", "subject_tags": ["计算机网络"], "ccf_rating": "C", "scope_text": "computer communications, telecommunications, internet, computer-communication infrastructures, network technologies, architectures, protocols, services, applications, Internet of Things, edge computing, cloud computing, green networking, mobile networks, ubiquitous networks, terrestrial networks, non-terrestrial networks, mobile network services, experimental test-beds, research platforms, algorithmic aspects, emerging technologies, future internet architecture, modeling, measurement, simulation", "submission_url": "", "homepage_url": "", "keywords": [], "oa_type": "subscription", "impact_like_score": 0.0, "review_time": "", "apc": 0.0}
{"journal_id": "tnsm", "journal_name": "IEEE Transactions on Network and Service Management", "publisher": "IEEE", "subject_tags": ["计算机网络"], "ccf_rating": "C", "scope_text": "network management, service management, management models, architectures, frameworks, service provisioning, reliability, quality assurance, management functions, enabling technologies, information models, communication models, policies, applications, case studies, emerging technologies, standards", "submission_url": "", "homepage_url": "", "keywords": [], "oa_type": "subscription", "impact_like_score": 0.0, "review_time": "", "apc": 0.0}
{"journal_id": "ietcommunications", "journal_name": "IET Communications", "publisher": "unknown", "subject_tags": ["计算机网络"], "ccf_rating": "C", "scope_text": "communication technologies, signals, wired media, wireless media, noise, interference, timing, errors, spectra, energy, bandwidth", "submission_url": "", "homepage_url": "", "keywords": [], "oa_type": "subscription", "impact_like_score": 0.0, "review_time": "", "apc": 0.0}
{"journal_id": "jnca", "journal_name": "Journal of Network and Computer Applications", "publisher": "unknown", "subject_tags": ["计算机网络"], "ccf_rating": "C", "scope_text": "computer networks, applications, new design techniques, novel applications, components, standards, WWW, internet protocols, wireless networks, mobile computing, cloud computing, grid computing, sensor networks, delay tolerant networks, Internet of things, remote collaboration, telemedicine, education, transactional applications, security", "submission_url": "", "homepage_url": "", "keywords": [], "oa_type": "subscription", "impact_like_score": 0.0, "review_time": "", "apc": 0.0}
{"journal_id": "monet", "journal_name": "Mobile Networks and Applications", "publisher": "unknown", "subject_tags": ["计算机网络"], "ccf_rating": "C", "scope_text": "mobile networks, mobile services, wireless communication, mobile devices, cloud, nomadic computing, data management, software technologies, hardware technologies, mobile user services, wireless networking", "submission_url": "", "homepage_url": "", "keywords": [], "oa_type": "subscription", "impact_like_score": 0.0, "review_time": "", "apc": 0.0}
{"journal_id": "networks", "journal_name": "Networks", "publisher": "unknown", "subject_tags": ["计算机网络"], "ccf_rating": "C", "scope_text": "network problems, physical networks, power networks, communication networks, transportation networks, logical networks, scheduling, archaeological dating, compilation, network design, mathematical analysis, efficient algorithms, optimization, applied mathematics, operations research, computer science, discrete mathematics, economics, analytic modeling, network algorithms, case studies, graph theory", "submission_url": "", "homepage_url": "", "keywords": [], "oa_type": "subscription", "impact_like_score": 0.0, "review_time": "", "apc": 0.0}
{"journal_id": "ppna", "journal_name": "Peer-to-Peer Networking and Applications", "publisher": "unknown", "subject_tags": ["计算机网络"], "ccf_rating": "C", "scope_text": "peer-to-peer networking, P2P, applications, networking theory, communications theory, standardization, economics, engineering, software engineering, computer engineering, security, file sharing, media streaming, P2P security", "submission_url": "", "homepage_url": "", "keywords": [], "oa_type": "subscription", "impact_like_score": 0.0, "review_time": "", "apc": 0.0}
{"journal_id": "wcmc", "journal_name": "Wireless Communications and Mobile Computing", "publisher": "unknown", "subject_tags": ["计算机网络"], "ccf_rating": "C", "scope_text": "wireless communications, mobile computing, new trends, developments, emerging technologies, new industrial standards", "submission_url": "", "homepage_url": "", "keywords": [], "oa_type": "subscription", "impact_like_score": 0.0, "review_time": "", "apc": 0.0}
{"journal_id": "wirelessnetworks", "journal_name": "Wireless Networks", "publisher": "unknown", "subject_tags": ["计算机网络"], "ccf_rating": "C", "scope_text": "wireless networks, data networking, telecommunication, integrated networks, user aspects, network architectures, personal communication systems, wireless LANs, radio networks, tactical networks, protocols, network management, network performance, network services, service integration, nomadic computing, internetworking, standardization, regulatory issues, system descriptions, applications, user interface, enabling technologies", "submission_url": "", "homepage_url": "", "keywords": [], "oa_type": "subscription", "impact_like_score": 0.0, "review_time": "", "apc": 0.0}
{"journal_id": "iot", "journal_name": "IEEE Internet of Things Journal", "publisher": "IEEE", "subject_tags": ["计算机网络"], "ccf_rating": "C", "scope_text": "Internet of Things, IoT, system architecture, enabling technologies, communication protocols, networking protocols, network coding, services, applications, sensors, big data management, future internet, smart cities, smart environments, smart homes, things-centric architecture, data-centric architecture, service-oriented architecture, sensor technologies, big sensor data management, IoT service middleware, IoT API, IoT application design, IoT trials, experiments, standardization, IEEE, IETF, ITU, 3GPP, ETSI", "submission_url": "", "homepage_url": "", "keywords": [], "oa_type": "subscription", "impact_like_score": 0.0, "review_time": "", "apc": 0.0}
{"journal_id": "tiot", "journal_name": "ACM Transactions on Internet of Things", "publisher": "ACM", "subject_tags": ["计算机网络"], "ccf_rating": "C", "scope_text": "Internet of Things, IoT, system designs, end-to-end architectures, enabling technologies, experimental component", "submission_url": "", "homepage_url": "", "keywords": [], "oa_type": "subscription", "impact_like_score": 0.0, "review_time": "", "apc": 0.0}
{"journal_id": "tdsc", "journal_name": "IEEE Transactions on Dependable and Secure Computing", "publisher": "IEEE", "subject_tags": ["网络与信息安全"], "ccf_rating": "A", "scope_text": "dependable computing, secure computing, design, modeling, evaluation, systems, networks, performance, security, dependability constraints, measurement, simulation techniques, verification", "submission_url": "", "homepage_url": "", "keywords": [], "oa_type": "subscription", "impact_like_score": 0.0, "review_time": "", "apc": 0.0}
{"journal_id": "tifs", "journal_name": "IEEE Transactions on Information Forensics and Security", "publisher": "IEEE", "subject_tags": ["网络与信息安全"], "ccf_rating": "A", "scope_text": "information forensics, information security, biometrics, surveillance, systems applications", "submission_url": "", "homepage_url": "", "keywords": [], "oa_type": "subscription", "impact_like_score": 0.0, "review_time": "", "apc": 0.0}
{"journal_id": "journalofcryptology", "journal_name": "Journal of Cryptology", "publisher": "unknown", "subject_tags": ["网络与信息安全"], "ccf_rating": "A", "scope_text": "cryptography, cryptanalysis, information theoretic perspectives, complexity theoretic perspectives, implementation, applications, standards, public key algorithms, conventional algorithms, cryptanalytic attacks, pseudo-random sequences, computational number theory, cryptographic protocols, untraceability, privacy, authentication, key management, quantum cryptography", "submission_url": "", "homepage_url": "", "keywords": [], "oa_type": "subscription", "impact_like_score": 0.0, "review_time": "", "apc": 0.0}
{"journal_id": "tops", "journal_name": "ACM Transactions on Privacy and Security", "publisher": "ACM", "subject_tags": ["网络与信息安全"], "ccf_rating": "B", "scope_text": "information security, system security, privacy, technologies, systems, applications, policies, security technologies, secure systems, privacy methods, security applications, privacy policies", "submission_url": "", "homepage_url": "", "keywords": [], "oa_type": "subscription", "impact_like_score": 0.0, "review_time": "", "apc": 0.0}
{"journal_id": "computerssecurity", "journal_name": "Computers & Security", "publisher": "unknown", "subject_tags": ["网络与信息安全"], "ccf_rating": "B", "scope_text": "IT security, computer security, audit, control, data integrity, secure systems, organizations, cryptology, blockchains, watermarking, steganography, AI, machine learning, LLM, federated learning", "submission_url": "", "homepage_url": "", "keywords": [], "oa_type": "subscription", "impact_like_score": 0.0, "review_time": "", "apc": 0.0}
{"journal_id": "designscodesandcryptography", "journal_name": "Designs, Codes and Cryptography", "publisher": "unknown", "subject_tags": ["网络与信息安全"], "ccf_rating": "B", "scope_text": "design theory, coding theory, cryptography, finite fields, finite geometries, computational aspects, sequence design, algebra, geometry, discrete mathematics, data security, complexity, reliable data transmission, storage", "submission_url": "", "homepage_url": "", "keywords": [], "oa_type": "subscription", "impact_like_score": 0.0, "review_time": "", "apc": 0.0}
{"journal_id": "jcs", "journal_name": "Journal of Computer Security", "publisher": "unknown", "subject_tags": ["网络与信息安全"], "ccf_rating": "B", "scope_text": "computer security, information security, network security, privacy protection, encryption, intrusion detection systems, malware analysis, security protocols, privacy mechanisms, security policies, management, security education, training, technology innovation, social aspects, legal aspects, ethical aspects", "submission_url": "", "homepage_url": "", "keywords": [], "oa_type": "subscription", "impact_like_score": 0.0, "review_time": "", "apc": 0.0}
{"journal_id": "cybersecurity", "journal_name": "Cybersecurity", "publisher": "unknown", "subject_tags": ["网络与信息安全"], "ccf_rating": "B", "scope_text": "cybersecurity, cyberspace security, cryptography, network security, critical infrastructure security, hardware security, software security, system security, cybersecurity data analytics, data-driven security, measurement studies, adversarial reasoning, malware analysis, privacy-enhancing technologies, anonymity, IoT security, AI security", "submission_url": "", "homepage_url": "", "keywords": [], "oa_type": "subscription", "impact_like_score": 0.0, "review_time": "", "apc": 0.0}
{"journal_id": "clsr", "journal_name": "Computer Law & Security Review", "publisher": "unknown", "subject_tags": ["网络与信息安全"], "ccf_rating": "C", "scope_text": "technology law, IT law, computer security, internet law, telecoms regulation, intellectual property, cyber-crime, surveillance, security, e-commerce, outsourcing, data protection, ePrivacy, EU ICT policy", "submission_url": "", "homepage_url": "", "keywords": [], "oa_type": "subscription", "impact_like_score": 0.0, "review_time": "", "apc": 0.0}
{"journal_id": "eurasipjournaloninformationsecurity", "journal_name": "EURASIP Journal on Information Security", "publisher": "unknown", "subject_tags": ["网络与信息安全"], "ccf_rating": "C", "scope_text": "information security, signal processing, data-centric methodologies, security challenges, privacy challenges, adversarial detection, inference, classification, robust machine learning, trustworthy machine learning, sensing systems, cyber-physical systems, biometrics, multimedia security, forensic signal analysis, side channel analysis, signal level countermeasures, privacy-preserving signal analysis, data-driven security analysis", "submission_url": "", "homepage_url": "", "keywords": [], "oa_type": "subscription", "impact_like_score": 0.0, "review_time": "", "apc": 0.0}
{"journal_id": "ietinformationsecurity", "journal_name": "IET Information Security", "publisher": "unknown", "subject_tags": ["网络与信息安全"], "ccf_rating": "C", "scope_text": "information security, cryptography, access control, database security, ad-hoc network security, anonymity, e-voting, authentication, block ciphers, hash functions, blockchain, bitcoin, broadcast encryption, traitor tracing, covert channels, information flow, critical infrastructures, cryptanalysis, dependability, digital rights management, digital signatures, steganography, economic aspects, elliptic curve cryptography, number theory, embedded systems security, forensics, financial cryptography, firewall security, formal methods, security verification, human aspects, information warfare, survivability, intrusion detection, Java security, XML security, key distribution, key management, malware, multi-party computation, threshold cryptography, peer-to-peer security, PKIs, public-key encryption, hybrid encryption, quantum cryptography, secure electronic commerce, software obfuscation, stream ciphers, trust models, watermarking, fingerprinting", "submission_url": "", "homepage_url": "", "keywords": [], "oa_type": "subscription", "impact_like_score": 0.0, "review_time": "", "apc": 0.0}
{"journal_id": "imcs", "journal_name": "Information and Computer Security", "publisher": "unknown", "subject_tags": ["网络与信息安全"], "ccf_rating": "C", "scope_text": "information security, computer security, encryption, network security, data protection, identity authentication, interdisciplinary research, management, law, psychology, security policy, security culture, security governance", "submission_url": "", "homepage_url": "", "keywords": [], "oa_type": "subscription", "impact_like_score": 0.0, "review_time": "", "apc": 0.0}
{"journal_id": "ijics", "journal_name": "International Journal of Information and Computer Security", "publisher": "unknown", "subject_tags": ["网络与信息安全"], "ccf_rating": "C", "scope_text": "information security, computer security, internet, broadband networks, privacy, hackers, ransomware, computer/mobile networks, case studies, applications, novel ideas, survey papers", "submission_url": "", "homepage_url": "", "keywords": [], "oa_type": "subscription", "impact_like_score": 0.0, "review_time": "", "apc": 0.0}
{"journal_id": "ijisp", "journal_name": "International Journal of Information Security and Privacy", "publisher": "unknown", "subject_tags": ["网络与信息安全"], "ccf_rating": "C", "scope_text": "information security, privacy, technical aspects, legal aspects, regulatory aspects, organizational aspects, managerial aspects, cultural aspects, ethical aspects, human aspects, theoretical research, empirical research, case studies, book reviews, tutorials, editorials, research frameworks, methods, methodologies, theory development, validation, simulation, analysis, technological architectures, infrastructure issues, secure initiatives, privacy preserving initiatives", "submission_url": "", "homepage_url": "", "keywords": [], "oa_type": "subscription", "impact_like_score": 0.0, "review_time": "", "apc": 0.0}
{"journal_id": "jisa", "journal_name": "Journal of Information Security and Applications", "publisher": "unknown", "subject_tags": ["网络与信息安全"], "ccf_rating": "C", "scope_text": "information security, applications, scientific community, industry professionals, modern problems, challenges, best-practice solutions, original research, innovative industrial approaches", "submission_url": "", "homepage_url": "", "keywords": [], "oa_type": "subscription", "impact_like_score": 0.0, "review_time": "", "apc": 0.0}
{"journal_id": "scn", "journal_name": "Security and Communication Networks", "publisher": "unknown", "subject_tags": ["网络与信息安全"], "ccf_rating": "C", "scope_text": "security, communication networks, network security, cryptography, cyber security, security protocols, approaches, techniques, information networks, wired networks, wireless networks, optical transmission platforms", "submission_url": "", "homepage_url": "", "keywords": [], "oa_type": "subscription", "impact_like_score": 0.0, "review_time": "", "apc": 0.0}
{"journal_id": "hcc", "journal_name": "High-Confidence Computing", "publisher": "unknown", "subject_tags": ["网络与信息安全"], "ccf_rating": "C", "scope_text": "secure computing, precise computing, intelligent computing, complex system designs, secure hardware, trusted hardware, secure software, precise algorithms, process-traceable algorithms, self-evolving systems, new environments, new applications", "submission_url": "", "homepage_url": "", "keywords": [], "oa_type": "subscription", "impact_like_score": 0.0, "review_time": "", "apc": 0.0}
{"journal_id": "toplas", "journal_name": "ACM Transactions on Programming Languages and Systems", "publisher": "ACM", "subject_tags": ["软件工程/系统软件/程序设计语言"], "ccf_rating": "A", "scope_text": "programming languages, systems, foundational principles, design, implementation, applications, language paradigms, compiler construction, optimization, runtime systems, execution environments, memory management, garbage collection, type systems, static analysis, formal semantics, reasoning, program verification, proof, dynamic analysis, testing, debugging, reliability, safety, program synthesis, transformation, concurrency, parallelism, distributed systems, heterogeneous systems, security, privacy, performance analysis, domain-specific languages, embedded languages, metaprogramming, reflection, machine learning, artificial intelligence, human aspects, social aspects, programming environments, tools, empirical studies, data-driven studies", "submission_url": "", "homepage_url": "", "keywords": [], "oa_type": "subscription", "impact_like_score": 0.0, "review_time": "", "apc": 0.0}
{"journal_id": "tosem", "journal_name": "ACM Transactions on Software Engineering and Methodology", "publisher": "ACM", "subject_tags": ["软件工程/系统软件/程序设计语言"], "ccf_rating": "A", "scope_text": "software engineering, methodology, models, languages, methods, mechanisms, tools, elaboration, evaluation, evolution, products, processes, software lifecycle, requirements specification, software maintenance, formal approaches, experimental approaches", "submission_url": "", "homepage_url": "", "keywords": [], "oa_type": "subscription", "impact_like_score": 0.0, "review_time": "", "apc": 0.0}
{"journal_id": "tse", "journal_name": "IEEE Transactions on Software Engineering", "publisher": "IEEE", "subject_tags": ["软件工程/系统软件/程序设计语言"], "ccf_rating": "A", "scope_text": "software engineering, theoretical results, empirical studies, software construction, software analysis, software management, mechanisms, principles, applications", "submission_url": "", "homepage_url": "", "keywords": [], "oa_type": "subscription", "impact_like_score": 0.0, "review_time": "", "apc": 0.0}
{"journal_id": "tsc", "journal_name": "IEEE Transactions on Services Computing", "publisher": "IEEE", "subject_tags": ["软件工程/系统软件/程序设计语言"], "ccf_rating": "A", "scope_text": "services computing, algorithmic methods, mathematical methods, statistical methods, computational methods, Service Oriented Architecture, Web Services, Business Process Integration, Solution Performance Management, Services Operations, Services Management", "submission_url": "", "homepage_url": "", "keywords": [], "oa_type": "subscription", "impact_like_score": 0.0, "review_time": "", "apc": 0.0}
{"journal_id": "ase", "journal_name": "Automated Software Engineering", "publisher": "unknown", "subject_tags": ["软件工程/系统软件/程序设计语言"], "ccf_rating": "B", "scope_text": "automated software engineering, foundations, techniques, tools, applications, software artifacts, software processes, automatic systems, collaborative systems, computational models, human software engineering activities", "submission_url": "", "homepage_url": "", "keywords": [], "oa_type": "subscription", "impact_like_score": 0.0, "review_time": "", "apc": 0.0}
{"journal_id": "ese", "journal_name": "Empirical Software Engineering", "publisher": "unknown", "subject_tags": ["软件工程/系统软件/程序设计语言"], "ccf_rating": "B", "scope_text": "empirical software engineering, applied software engineering research, empirical component, data collection, analysis, software development deliverables, practices, technologies", "submission_url": "", "homepage_url": "", "keywords": [], "oa_type": "subscription", "impact_like_score": 0.0, "review_time": "", "apc": 0.0}
{"journal_id": "iets", "journal_name": "IET Software", "publisher": "unknown", "subject_tags": ["软件工程/系统软件/程序设计语言"], "ccf_rating": "B", "scope_text": "software lifecycle, design, development, implementation, maintenance, methods, practical application", "submission_url": "", "homepage_url": "", "keywords": [], "oa_type": "subscription", "impact_like_score": 0.0, "review_time": "", "apc": 0.0}
{"journal_id": "ist", "journal_name": "Information and Software Technology", "publisher": "unknown", "subject_tags": ["软件工程/系统软件/程序设计语言"], "ccf_rating": "B", "scope_text": "software development practices, methods, techniques, software engineering, software management", "submission_url": "", "homepage_url": "", "keywords": [], "oa_type": "subscription", "impact_like_score": 0.0, "review_time": "", "apc": 0.0}
{"journal_id": "jfp", "journal_name": "Journal of Functional Programming", "publisher": "unknown", "subject_tags": ["软件工程/系统软件/程序设计语言"], "ccf_rating": "B", "scope_text": "functional programming languages, design, implementation, application, mathematical theory, industrial practice, functional languages, extensions, implementation techniques, reasoning, proof, program transformation, synthesis, type systems, type theory, language-based security, memory management, parallelism, applications", "submission_url": "", "homepage_url": "", "keywords": [], "oa_type": "subscription", "impact_like_score": 0.0, "review_time": "", "apc": 0.0}
{"journal_id": "journalofsoftwareevolutionandprocess", "journal_name": "Journal of Software: Evolution and Process", "publisher": "unknown", "subject_tags": ["软件工程/系统软件/程序设计语言"], "ccf_rating": "B", "scope_text": "software evolution, software process, conception, development, testing, management, quality, maintenance, evolution, software systems, services, continuous improvement, processes, capabilities", "submission_url": "", "homepage_url": "", "keywords": [], "oa_type": "subscription", "impact_like_score": 0.0, "review_time": "", "apc": 0.0}
{"journal_id": "jss", "journal_name": "Journal of Systems and Software", "publisher": "unknown", "subject_tags": ["软件工程/系统软件/程序设计语言"], "ccf_rating": "B", "scope_text": "software engineering, evidence, empirical studies, simulation, formal proofs, validation", "submission_url": "", "homepage_url": "", "keywords": [], "oa_type": "subscription", "impact_like_score": 0.0, "review_time": "", "apc": 0.0}
{"journal_id": "re", "journal_name": "Requirements Engineering", "publisher": "unknown", "subject_tags": ["软件工程/系统软件/程序设计语言"], "ccf_rating": "B", "scope_text": "requirements engineering, elicitation, representation, validation, software intensive information systems, applications", "submission_url": "", "homepage_url": "", "keywords": [], "oa_type": "subscription", "impact_like_score": 0.0, "review_time": "", "apc": 0.0}
{"journal_id": "scp", "journal_name": "Science of Computer Programming", "publisher": "unknown", "subject_tags": ["软件工程/系统软件/程序设计语言"], "ccf_rating": "B", "scope_text": "software systems development, use, maintenance, hardware design, methodological foundations, technical issues, industrial practice", "submission_url": "", "homepage_url": "", "keywords": [], "oa_type": "subscription", "impact_like_score": 0.0, "review_time": "", "apc": 0.0}
{"journal_id": "sosym", "journal_name": "Software and Systems Modeling", "publisher": "unknown", "subject_tags": ["软件工程/系统软件/程序设计语言"], "ccf_rating": "B", "scope_text": "software modeling, system modeling, modeling languages, techniques, methods, Unified Modeling Language, UML", "submission_url": "", "homepage_url": "", "keywords": [], "oa_type": "subscription", "impact_like_score": 0.0, "review_time": "", "apc": 0.0}
{"journal_id": "stvr", "journal_name": "Software Testing, Verification and Reliability", "publisher": "unknown", "subject_tags": ["软件工程/系统软件/程序设计语言"], "ccf_rating": "B", "scope_text": "software testing, verification, reliability, theory, practice, empirical work, survey papers", "submission_url": "", "homepage_url": "", "keywords": [], "oa_type": "subscription", "impact_like_score": 0.0, "review_time": "", "apc": 0.0}
{"journal_id": "spe", "journal_name": "Software: Practice and Experience", "publisher": "unknown", "subject_tags": ["软件工程/系统软件/程序设计语言"], "ccf_rating": "B", "scope_text": "software practice, experience, new software, established software, systems, applications", "submission_url": "", "homepage_url": "", "keywords": [], "oa_type": "subscription", "impact_like_score": 0.0, "review_time": "", "apc": 0.0}
{"journal_id": "cl", "journal_name": "Computer Languages, Systems and Structures", "publisher": "unknown", "subject_tags": ["软件工程/系统软件/程序设计语言"], "ccf_rating": "C", "scope_text": "computer languages, systems, structures, design, implementation, use, programming languages, theory, practice", "submission_url": "", "homepage_url": "", "keywords": [], "oa_type": "subscription", "impact_like_score": 0.0, "review_time": "", "apc": 0.0}
{"journal_id": "ijseke", "journal_name": "International Journal of Software Engineering and Knowledge Engineering", "publisher": "unknown", "subject_tags": ["软件工程/系统软件/程序设计语言"], "ccf_rating": "C", "scope_text": "software engineering, knowledge engineering, researchers, practitioners, developers, ideas, results", "submission_url": "", "homepage_url": "", "keywords": [], "oa_type": "subscription", "impact_like_score": 0.0, "review_time": "", "apc": 0.0}
{"journal_id": "sttt", "journal_name": "International Journal of Software Tools for Technology Transfer", "publisher": "unknown", "subject_tags": ["软件工程/系统软件/程序设计语言"], "ccf_rating": "C", "scope_text": "software tools, technology transfer, tools, development of computer systems, construction, analysis, practicality, generic tool issues", "submission_url": "", "homepage_url": "", "keywords": [], "oa_type": "subscription", "impact_like_score": 0.0, "review_time": "", "apc": 0.0}
{"journal_id": "jlamp", "journal_name": "Journal of Logical and Algebraic Methods in Programming", "publisher": "unknown", "subject_tags": ["软件工程/系统软件/程序设计语言"], "ccf_rating": "C", "scope_text": "logical methods, algebraic methods, categorical methods, programming, trustworthy computing systems", "submission_url": "", "homepage_url": "", "keywords": [], "oa_type": "subscription", "impact_like_score": 0.0, "review_time": "", "apc": 0.0}
{"journal_id": "jwe", "journal_name": "Journal of Web Engineering", "publisher": "unknown", "subject_tags": ["软件工程/系统软件/程序设计语言"], "ccf_rating": "C", "scope_text": "web engineering, scientific state of knowledge, original articles, survey articles, reviews, tutorials, perspectives, correspondence", "submission_url": "", "homepage_url": "", "keywords": [], "oa_type": "subscription", "impact_like_score": 0.0, "review_time": "", "apc": 0.0}
{"journal_id": "soca", "journal_name": "Service Oriented Computing and Applications", "publisher": "unknown", "subject_tags": ["软件工程/系统软件/程序设计语言"], "ccf_rating": "C", "scope_text": "service oriented computing, service infrastructures, theoretical foundations, applications, experiences", "submission_url": "", "homepage_url": "", "keywords": [], "oa_type": "subscription", "impact_like_score": 0.0, "review_time": "", "apc": 0.0}
{"journal_id": "sqj", "journal_name": "Software Quality Journal", "publisher": "unknown", "subject_tags": ["软件工程/系统软件/程序设计语言"], "ccf_rating": "C", "scope_text": "software quality, practical viewpoint, academic viewpoint, practitioners, academics, policy, standards", "submission_url": "", "homepage_url": "", "keywords": [], "oa_type": "subscription", "impact_like_score": 0.0, "review_time": "", "apc": 0.0}
{"journal_id": "tplp", "journal_name": "Theory and Practice of Logic Programming", "publisher": "unknown", "subject_tags": ["软件工程/系统软件/程序设计语言"], "ccf_rating": "C", "scope_text": "logic programming, theory, practice, AI applications, methodologies, specification, analysis, verification, systems", "submission_url": "", "homepage_url": "", "keywords": [], "oa_type": "subscription", "impact_like_score": 0.0, "review_time": "", "apc": 0.0}
{"journal_id": "pacm_pl", "journal_name": "Proceedings of the ACM on Programming Languages", "publisher": "ACM", "subject_tags": ["软件工程/系统软件/程序设计语言"], "ccf_rating": "C", "scope_text": "programming languages, design, implementation, mathematical formalisms, empirical studies", "submission_url": "", "homepage_url": "", "keywords": [], "oa_type": "subscription", "impact_like_score": 0.0, "review_time": "", "apc": 0.0}
{"journal_id": "tods", "journal_name": "ACM Transactions on Database Systems", "publisher": "ACM", "subject_tags": ["数据库/数据挖掘/内容检索"], "ccf_rating": "A", "scope_text": "database systems, storage, processor hardware, system software, applications, information science, information analysis, file management, data structures, storage organization, data collection, dissemination, search strategies, retrieval strategies", "submission_url": "", "homepage_url": "", "keywords": [], "oa_type": "subscription", "impact_like_score": 0.0, "review_time": "", "apc": 0.0}
{"journal_id": "tois", "journal_name": "ACM Transactions on Information Systems", "publisher": "ACM", "subject_tags": ["数据库/数据挖掘/内容检索"], "ccf_rating": "A", "scope_text": "information systems, information retrieval, search engines, recommender systems, conversational search agents", "submission_url": "", "homepage_url": "", "keywords": [], "oa_type": "subscription", "impact_like_score": 0.0, "review_time": "", "apc": 0.0}
{"journal_id": "tkde", "journal_name": "IEEE Transactions on Knowledge and Data Engineering", "publisher": "IEEE", "subject_tags": ["数据库/数据挖掘/内容检索"], "ccf_rating": "A", "scope_text": "knowledge engineering, data engineering, knowledge discovery, data mining, data modeling, data management, computational platforms, knowledge engineering tools, data engineering tools, emerging applications", "submission_url": "", "homepage_url": "", "keywords": [], "oa_type": "subscription", "impact_like_score": 0.0, "review_time": "", "apc": 0.0}
{"journal_id": "vldbj", "journal_name": "The VLDB Journal", "publisher": "unknown", "subject_tags": ["数据库/数据挖掘/内容检索"], "ccf_rating": "A", "scope_text": "information system architectures, technological advancements, novel database applications, special-purpose hardware, software approaches, integrated system architectures, design analysis, performance evaluation, techniques for presenting and capturing information", "submission_url": "", "homepage_url": "", "keywords": [], "oa_type": "subscription", "impact_like_score": 0.0, "review_time": "", "apc": 0.0}
{"journal_id": "tkdd", "journal_name": "ACM Transactions on Knowledge Discovery from Data", "publisher": "ACM", "subject_tags": ["数据库/数据挖掘/内容检索"], "ccf_rating": "B", "scope_text": "knowledge discovery, data analysis, data mining, abstractions, models, design, implementation, automated analysis", "submission_url": "", "homepage_url": "", "keywords": [], "oa_type": "subscription", "impact_like_score": 0.0, "review_time": "", "apc": 0.0}
{"journal_id": "tweb", "journal_name": "ACM Transactions on the Web", "publisher": "ACM", "subject_tags": ["数据库/数据挖掘/内容检索"], "ccf_rating": "B", "scope_text": "web content, applications, use, enabling technologies, browsers, web interfaces, electronic commerce, electronic publishing, hypertext, hypermedia, semantic web, web engineering, web services, service-oriented computing, XML", "submission_url": "", "homepage_url": "", "keywords": [], "oa_type": "subscription", "impact_like_score": 0.0, "review_time": "", "apc": 0.0}
{"journal_id": "aei", "journal_name": "Advanced Engineering Informatics", "publisher": "unknown", "subject_tags": ["数据库/数据挖掘/内容检索"], "ccf_rating": "B", "scope_text": "knowledge, engineering applications, engineering informatics", "submission_url": "", "homepage_url": "", "keywords": [], "oa_type": "subscription", "impact_like_score": 0.0, "review_time": "", "apc": 0.0}
{"journal_id": "dke", "journal_name": "Data & Knowledge Engineering", "publisher": "unknown", "subject_tags": ["数据库/数据挖掘/内容检索"], "ccf_rating": "B", "scope_text": "data engineering, knowledge engineering, design, effective use, underlying principles, original research, technical advances", "submission_url": "", "homepage_url": "", "keywords": [], "oa_type": "subscription", "impact_like_score": 0.0, "review_time": "", "apc": 0.0}
{"journal_id": "dmkd", "journal_name": "Data Mining and Knowledge Discovery", "publisher": "unknown", "subject_tags": ["数据库/数据挖掘/内容检索"], "ccf_rating": "B", "scope_text": "data mining, knowledge discovery, surveys, tutorials, applications, theory, foundational issues, methods, algorithms, process", "submission_url": "", "homepage_url": "", "keywords": [], "oa_type": "subscription", "impact_like_score": 0.0, "review_time": "", "apc": 0.0}
{"journal_id": "ejis", "journal_name": "European Journal of Information Systems", "publisher": "unknown", "subject_tags": ["数据库/数据挖掘/内容检索"], "ccf_rating": "B", "scope_text": "information systems, European perspective, theory, practice, research articles, case studies, reflective articles", "submission_url": "", "homepage_url": "", "keywords": [], "oa_type": "subscription", "impact_like_score": 0.0, "review_time": "", "apc": 0.0}
{"journal_id": "geoinformatica", "journal_name": "GeoInformatica", "publisher": "unknown", "subject_tags": ["数据库/数据挖掘/内容检索"], "ccf_rating": "B", "scope_text": "computer science, geographic information systems, spatial modeling, databases, human-computer interfaces for GIS, digital cartography, space imagery, parallelism, distribution, communication through GIS, spatio-temporal reasoning", "submission_url": "", "homepage_url": "", "keywords": [], "oa_type": "subscription", "impact_like_score": 0.0, "review_time": "", "apc": 0.0}
{"journal_id": "ipm", "journal_name": "Information Processing and Management", "publisher": "unknown", "subject_tags": ["数据库/数据挖掘/内容检索"], "ccf_rating": "B", "scope_text": "information processing, management, computing, information science, theory, methods, applications, advertising, business, health, information technology, marketing, social computing", "submission_url": "", "homepage_url": "", "keywords": [], "oa_type": "subscription", "impact_like_score": 0.0, "review_time": "", "apc": 0.0}
{"journal_id": "informationsciences", "journal_name": "Information Sciences", "publisher": "unknown", "subject_tags": ["数据库/数据挖掘/内容检索"], "ccf_rating": "B", "scope_text": "information sciences, knowledge engineering, intelligent systems, information theory, mathematical linguistics, automata theory, cognitive science, qualitative behaviour, artificial intelligence, computational intelligence", "submission_url": "", "homepage_url": "", "keywords": [], "oa_type": "subscription", "impact_like_score": 0.0, "review_time": "", "apc": 0.0}
{"journal_id": "is", "journal_name": "Information Systems", "publisher": "unknown", "subject_tags": ["数据库/数据挖掘/内容检索"], "ccf_rating": "B", "scope_text": "information systems, software, hardware, data-intensive applications, languages, data models, process models, algorithms", "submission_url": "", "homepage_url": "", "keywords": [], "oa_type": "subscription", "impact_like_score": 0.0, "review_time": "", "apc": 0.0}
{"journal_id": "jasist", "journal_name": "Journal of the Association for Information Science and Technology", "publisher": "unknown", "subject_tags": ["数据库/数据挖掘/内容检索"], "ccf_rating": "B", "scope_text": "information science, empirical work, experimental work, ethnographic work, conceptual work, historical work, socio-technical work, policy-analytic work, critical-theoretical work", "submission_url": "", "homepage_url": "", "keywords": [], "oa_type": "subscription", "impact_like_score": 0.0, "review_time": "", "apc": 0.0}
{"journal_id": "jws", "journal_name": "Journal of Web Semantics", "publisher": "unknown", "subject_tags": ["数据库/数据挖掘/内容检索"], "ccf_rating": "B", "scope_text": "web semantics, interdisciplinary, knowledge-intensive, intelligent service web, e-business, e-community, knowledge management, e-learning, digital libraries, e-sciences", "submission_url": "", "homepage_url": "", "keywords": [], "oa_type": "subscription", "impact_like_score": 0.0, "review_time": "", "apc": 0.0}
{"journal_id": "kais", "journal_name": "Knowledge and Information Systems", "publisher": "unknown", "subject_tags": ["数据库/数据挖掘/内容检索"], "ccf_rating": "B", "scope_text": "knowledge systems, advanced information systems, theoretical foundations, infrastructure, enabling technologies", "submission_url": "", "homepage_url": "", "keywords": [], "oa_type": "subscription", "impact_like_score": 0.0, "review_time": "", "apc": 0.0}
{"journal_id": "dse", "journal_name": "Data Science and Engineering", "publisher": "unknown", "subject_tags": ["数据库/数据挖掘/内容检索"], "ccf_rating": "B", "scope_text": "data science, engineering, theoretical background, engineering approaches, big data, data-intensive computing, techniques, systems", "submission_url": "", "homepage_url": "", "keywords": [], "oa_type": "subscription", "impact_like_score": 0.0, "review_time": "", "apc": 0.0}
{"journal_id": "dpd", "journal_name": "Distributed and Parallel Databases", "publisher": "unknown", "subject_tags": ["数据库/数据挖掘/内容检索"], "ccf_rating": "C", "scope_text": "distributed databases, parallel databases, research results, systems development, user experiences", "submission_url": "", "homepage_url": "", "keywords": [], "oa_type": "subscription", "impact_like_score": 0.0, "review_time": "", "apc": 0.0}
{"journal_id": "i&m", "journal_name": "Information & Management", "publisher": "unknown", "subject_tags": ["数据库/数据挖掘/内容检索"], "ccf_rating": "C", "scope_text": "information systems, management, organizations, design, implementation, advanced developments", "submission_url": "", "homepage_url": "", "keywords": [], "oa_type": "subscription", "impact_like_score": 0.0, "review_time": "", "apc": 0.0}
{"journal_id": "ipl", "journal_name": "Information Processing Letters", "publisher": "unknown", "subject_tags": ["数据库/数据挖掘/内容检索"], "ccf_rating": "C", "scope_text": "information processing, short concise papers, algorithms", "submission_url": "", "homepage_url": "", "keywords": [], "oa_type": "subscription", "impact_like_score": 0.0, "review_time": "", "apc": 0.0}
{"journal_id": "discovercomputing", "journal_name": "Discover Computing", "publisher": "unknown", "subject_tags": ["数据库/数据挖掘/内容检索"], "ccf_rating": "C", "scope_text": "computing, multidisciplinary research, policy developments, computer science, recent advances, research development, society", "submission_url": "", "homepage_url": "", "keywords": [], "oa_type": "subscription", "impact_like_score": 0.0, "review_time": "", "apc": 0.0}
{"journal_id": "ijcis", "journal_name": "International Journal of Cooperative Information Systems", "publisher": "unknown", "subject_tags": ["数据库/数据挖掘/内容检索"], "ccf_rating": "C", "scope_text": "cooperative information systems, distributed interoperable information systems, design, requirements, functionality, implementation, deployment, evolution", "submission_url": "", "homepage_url": "", "keywords": [], "oa_type": "subscription", "impact_like_score": 0.0, "review_time": "", "apc": 0.0}
{"journal_id": "ijgis", "journal_name": "International Journal of Geographical Information Science", "publisher": "unknown", "subject_tags": ["数据库/数据挖掘/内容检索"], "ccf_rating": "C", "scope_text": "geographical information science, GIScience, original ideas, approaches, methods, experiences, innovations, applications, natural resources, social systems, built environment", "submission_url": "", "homepage_url": "", "keywords": [], "oa_type": "subscription", "impact_like_score": 0.0, "review_time": "", "apc": 0.0}
{"journal_id": "ijis", "journal_name": "International Journal of Intelligent Systems", "publisher": "unknown", "subject_tags": ["数据库/数据挖掘/内容检索"], "ccf_rating": "C", "scope_text": "intelligent systems, theories", "submission_url": "", "homepage_url": "", "keywords": [], "oa_type": "subscription", "impact_like_score": 0.0, "review_time": "", "apc": 0.0}
{"journal_id": "ijkm", "journal_name": "International Journal of Knowledge Management", "publisher": "unknown", "subject_tags": ["数据库/数据挖掘/内容检索"], "ccf_rating": "C", "scope_text": "knowledge management, organizational issues, technical issues, human issues, cognitive issues, creation, capture, transfer, use", "submission_url": "", "homepage_url": "", "keywords": [], "oa_type": "subscription", "impact_like_score": 0.0, "review_time": "", "apc": 0.0}
{"journal_id": "ijswis", "journal_name": "International Journal on Semantic Web and Information Systems", "publisher": "unknown", "subject_tags": ["数据库/数据挖掘/内容检索"], "ccf_rating": "C", "scope_text": "semantic web, information systems, computer science", "submission_url": "", "homepage_url": "", "keywords": [], "oa_type": "subscription", "impact_like_score": 0.0, "review_time": "", "apc": 0.0}
{"journal_id": "jcis", "journal_name": "Journal of Computer Information Systems", "publisher": "unknown", "subject_tags": ["数据库/数据挖掘/内容检索"], "ccf_rating": "C", "scope_text": "information systems, technology research, computer information systems", "submission_url": "https://www.dagstuhl.de/en", "homepage_url": "https://www.dagstuhl.de/en", "keywords": [], "oa_type": "subscription", "impact_like_score": 0.0, "review_time": "", "apc": 0.0}
{"journal_id": "jdm", "journal_name": "Journal of Database Management", "publisher": "unknown", "subject_tags": ["数据库/数据挖掘/内容检索"], "ccf_rating": "C", "scope_text": "database management, systems analysis, design, software engineering, information technology, management of information resources", "submission_url": "https://www.dagstuhl.de/en", "homepage_url": "https://www.dagstuhl.de/en", "keywords": [], "oa_type": "subscription", "impact_like_score": 0.0, "review_time": "", "apc": 0.0}
{"journal_id": "jgitm", "journal_name": "Journal of Global Information Technology Management", "publisher": "unknown", "subject_tags": ["数据库/数据挖掘/内容检索"], "ccf_rating": "C", "scope_text": "global information technology management, international business, IT application", "submission_url": "", "homepage_url": "", "keywords": [], "oa_type": "subscription", "impact_like_score": 0.0, "review_time": "", "apc": 0.0}
{"journal_id": "jiis", "journal_name": "Journal of Intelligent Information Systems", "publisher": "unknown", "subject_tags": ["数据库/数据挖掘/内容检索"], "ccf_rating": "C", "scope_text": "intelligent information systems, artificial intelligence, database technologies, next generation information systems", "submission_url": "https://www.dagstuhl.de/en", "homepage_url": "https://www.dagstuhl.de/en", "keywords": [], "oa_type": "subscription", "impact_like_score": 0.0, "review_time": "", "apc": 0.0}
{"journal_id": "jsis", "journal_name": "The Journal of Strategic Information Systems", "publisher": "unknown", "subject_tags": ["数据库/数据挖掘/内容检索"], "ccf_rating": "C", "scope_text": "strategic information systems, strategic management, business issues, organizational issues, global context, IT strategy, strategy alignment, organizational arrangements, change management", "submission_url": "https://www.sciencedirect.com/journal/the-journal-of-strategic-information-systems", "homepage_url": "https://www.sciencedirect.com/journal/the-journal-of-strategic-information-systems", "keywords": [], "oa_type": "subscription", "impact_like_score": 0.0, "review_time": "", "apc": 0.0}
{"journal_id": "tist", "journal_name": "ACM Transactions on Intelligent Systems and Technology", "publisher": "ACM", "subject_tags": ["数据库/数据挖掘/内容检索"], "ccf_rating": "C", "scope_text": "intelligent systems, applicable algorithms, technology, multi-disciplinary, high-impact articles, emerging systems, deployed systems, evaluation", "submission_url": "https://dl.acm.org/journal/tist", "homepage_url": "https://dl.acm.org/journal/tist", "keywords": [], "oa_type": "subscription", "impact_like_score": 0.0, "review_time": "", "apc": 0.0}
{"journal_id": "tors", "journal_name": "ACM Transactions on Recommender Systems", "publisher": "ACM", "subject_tags": ["数据库/数据挖掘/内容检索"], "ccf_rating": "C", "scope_text": "recommender systems, algorithms, user experience, impact, value", "submission_url": "https://dl.acm.org/journal/tors", "homepage_url": "https://dl.acm.org/journal/tors", "keywords": [], "oa_type": "subscription", "impact_like_score": 0.0, "review_time": "", "apc": 0.0}
{"journal_id": "tit", "journal_name": "IEEE Transactions on Information Theory", "publisher": "IEEE", "subject_tags": ["计算机科学理论"], "ccf_rating": "A", "scope_text": "information theory, transmission, processing, utilization, Shannon theory, coding theory, techniques", "submission_url": "https://ieeexplore.ieee.org/xpl/RecentIssue.jsp?punumber=18", "homepage_url": "https://ieeexplore.ieee.org/xpl/RecentIssue.jsp?punumber=18", "keywords": [], "oa_type": "subscription", "impact_like_score": 0.0, "review_time": "", "apc": 0.0}
{"journal_id": "iandc", "journal_name": "Information and Computation", "publisher": "unknown", "subject_tags": ["计算机科学理论"], "ccf_rating": "A", "scope_text": "theoretical computer science, information theory, computational applications, survey articles", "submission_url": "https://www.sciencedirect.com/journal/information-and-computation", "homepage_url": "https://www.sciencedirect.com/journal/information-and-computation", "keywords": [], "oa_type": "subscription", "impact_like_score": 0.0, "review_time": "", "apc": 0.0}
{"journal_id": "sicomp", "journal_name": "SIAM Journal on Computing", "publisher": "unknown", "subject_tags": ["计算机科学理论"], "ccf_rating": "A", "scope_text": "mathematical aspects, formal aspects, computer science, nonnumerical computing, algorithms, algorithmic game theory, data structures, computational complexity, computational algebra", "submission_url": "", "homepage_url": "", "keywords": [], "oa_type": "subscription", "impact_like_score": 0.0, "review_time": "", "apc": 0.0}
{"journal_id": "talg", "journal_name": "ACM Transactions on Algorithms", "publisher": "ACM", "subject_tags": ["计算机科学理论"], "ccf_rating": "B", "scope_text": "algorithms, discrete, finite, mathematical content", "submission_url": "https://dl.acm.org/journal/talg", "homepage_url": "https://dl.acm.org/journal/talg", "keywords": [], "oa_type": "subscription", "impact_like_score": 0.0, "review_time": "", "apc": 0.0}
{"journal_id": "tocl", "journal_name": "ACM Transactions on Computational Logic", "publisher": "ACM", "subject_tags": ["计算机科学理论"], "ccf_rating": "B", "scope_text": "logic, computer science, artificial intelligence, computational complexity, database systems, programming languages", "submission_url": "https://dl.acm.org/journal/tocl", "homepage_url": "https://dl.acm.org/journal/tocl", "keywords": [], "oa_type": "subscription", "impact_like_score": 0.0, "review_time": "", "apc": 0.0}
{"journal_id": "toms", "journal_name": "ACM Transactions on Mathematical Software", "publisher": "ACM", "subject_tags": ["计算机科学理论"], "ccf_rating": "B", "scope_text": "mathematical software, development, evaluation, use, numeric computing, symbolic computing, algebraic computing, geometric computing", "submission_url": "https://dl.acm.org/journal/toms", "homepage_url": "https://dl.acm.org/journal/toms", "keywords": [], "oa_type": "subscription", "impact_like_score": 0.0, "review_time": "", "apc": 0.0}
{"journal_id": "algorithmica", "journal_name": "Algorithmica", "publisher": "unknown", "subject_tags": ["计算机科学理论"], "ccf_rating": "B", "scope_text": "algorithms, theoretical papers, practical areas, experimental papers, practical importance, techniques", "submission_url": "http://link.springer.com/journal/453", "homepage_url": "http://link.springer.com/journal/453", "keywords": [], "oa_type": "subscription", "impact_like_score": 0.0, "review_time": "", "apc": 0.0}
{"journal_id": "cc_2", "journal_name": "Computational complexity", "publisher": "unknown", "subject_tags": ["计算机科学理论"], "ccf_rating": "B", "scope_text": "computational complexity, complexity theory, time, resources, intrinsic complexity, computational tasks", "submission_url": "", "homepage_url": "", "keywords": [], "oa_type": "subscription", "impact_like_score": 0.0, "review_time": "", "apc": 0.0}
{"journal_id": "fac", "journal_name": "Formal Aspects of Computing", "publisher": "unknown", "subject_tags": ["计算机科学理论"], "ccf_rating": "B", "scope_text": "formal aspects, computing, theory, practice, applicable research", "submission_url": "", "homepage_url": "", "keywords": [], "oa_type": "subscription", "impact_like_score": 0.0, "review_time": "", "apc": 0.0}
{"journal_id": "fmsd", "journal_name": "Formal Methods in System Design", "publisher": "unknown", "subject_tags": ["计算机科学理论"], "ccf_rating": "B", "scope_text": "formal methods, designing, implementing, validating correctness, hardware, VLSI, software systems", "submission_url": "", "homepage_url": "", "keywords": [], "oa_type": "subscription", "impact_like_score": 0.0, "review_time": "", "apc": 0.0}
{"journal_id": "informs", "journal_name": "INFORMS Journal on Computing", "publisher": "unknown", "subject_tags": ["计算机科学理论"], "ccf_rating": "B", "scope_text": "operations research, computing, theories, methods, experiments, systems, applications", "submission_url": "", "homepage_url": "", "keywords": [], "oa_type": "subscription", "impact_like_score": 0.0, "review_time": "", "apc": 0.0}
{"journal_id": "jcss", "journal_name": "Journal of Computer and System Sciences", "publisher": "unknown", "subject_tags": ["计算机科学理论"], "ccf_rating": "B", "scope_text": "computer science, system science, mathematical theory", "submission_url": "", "homepage_url": "", "keywords": [], "oa_type": "subscription", "impact_like_score": 0.0, "review_time": "", "apc": 0.0}
{"journal_id": "jgo", "journal_name": "Journal of Global Optimization", "publisher": "unknown", "subject_tags": ["计算机科学理论"], "ccf_rating": "B", "scope_text": "global optimization, theoretical, computational, applied, healthcare, computational biochemistry, energy systems, telecommunications, finance", "submission_url": "", "homepage_url": "", "keywords": [], "oa_type": "subscription", "impact_like_score": 0.0, "review_time": "", "apc": 0.0}
{"journal_id": "jsc", "journal_name": "Journal of Symbolic Computation", "publisher": "unknown", "subject_tags": ["计算机科学理论"], "ccf_rating": "B", "scope_text": "symbolic computation, algorithmic treatment, formal languages, terms, formulas, programs, algebraic objects, polynomials, geometrical objects", "submission_url": "", "homepage_url": "", "keywords": [], "oa_type": "subscription", "impact_like_score": 0.0, "review_time": "", "apc": 0.0}
{"journal_id": "mscs", "journal_name": "Mathematical Structures in Computer Science", "publisher": "unknown", "subject_tags": ["计算机科学理论"], "ccf_rating": "B", "scope_text": "mathematical structures, computer science, mathematics, mathematical logic", "submission_url": "", "homepage_url": "", "keywords": [], "oa_type": "subscription", "impact_like_score": 0.0, "review_time": "", "apc": 0.0}
{"journal_id": "tcs", "journal_name": "Theoretical Computer Science", "publisher": "unknown", "subject_tags": ["计算机科学理论"], "ccf_rating": "B", "scope_text": "theoretical computer science, mathematics, abstract, practical computation, nature of computation, efficient methodologies", "submission_url": "", "homepage_url": "", "keywords": [], "oa_type": "subscription", "impact_like_score": 0.0, "review_time": "", "apc": 0.0}
{"journal_id": "acta", "journal_name": "Acta Informatica", "publisher": "unknown", "subject_tags": ["计算机科学理论"], "ccf_rating": "C", "scope_text": "mathematical foundations, computer science, design, description, presentation, programs, information structures, computing systems, interaction", "submission_url": "", "homepage_url": "", "keywords": [], "oa_type": "subscription", "impact_like_score": 0.0, "review_time": "", "apc": 0.0}
{"journal_id": "apal", "journal_name": "Annals of Pure and Applied Logic", "publisher": "unknown", "subject_tags": ["计算机科学理论"], "ccf_rating": "C", "scope_text": "mathematical logic, applications, mathematics, theoretical computer science, other disciplines", "submission_url": "", "homepage_url": "", "keywords": [], "oa_type": "subscription", "impact_like_score": 0.0, "review_time": "", "apc": 0.0}
{"journal_id": "dam", "journal_name": "Discrete Applied Mathematics", "publisher": "unknown", "subject_tags": ["计算机科学理论"], "ccf_rating": "C", "scope_text": "discrete applied mathematics, algorithmic, applicable discrete mathematics, combinatorial mathematics, informatics, science, technology", "submission_url": "", "homepage_url": "", "keywords": [], "oa_type": "subscription", "impact_like_score": 0.0, "review_time": "", "apc": 0.0}
{"journal_id": "fuin", "journal_name": "Fundamenta Informaticae", "publisher": "unknown", "subject_tags": ["计算机科学理论"], "ccf_rating": "C", "scope_text": "theoretical computer science, mathematical methods, problems emerging in computer science, mathematical problems inspired by computer science, theory of computing, complexity theory, algorithms, data structures, combinatorics, graph theory", "submission_url": "", "homepage_url": "", "keywords": [], "oa_type": "subscription", "impact_like_score": 0.0, "review_time": "", "apc": 0.0}
{"journal_id": "ipl_2", "journal_name": "Information Processing Letters", "publisher": "unknown", "subject_tags": ["计算机科学理论"], "ccf_rating": "C", "scope_text": "information processing, short concise papers, algorithms", "submission_url": "", "homepage_url": "", "keywords": [], "oa_type": "subscription", "impact_like_score": 0.0, "review_time": "", "apc": 0.0}
{"journal_id": "jcomplexity", "journal_name": "Journal of Complexity", "publisher": "unknown", "subject_tags": ["计算机科学理论"], "ccf_rating": "C", "scope_text": "complexity, computational complexity, lower bounds, optimal algorithms, approximation theory, biomedical computing, compressed computing, sensing, computational finance, computational number theory", "submission_url": "", "homepage_url": "", "keywords": [], "oa_type": "subscription", "impact_like_score": 0.0, "review_time": "", "apc": 0.0}
{"journal_id": "logcom", "journal_name": "Journal of Logic and Computation", "publisher": "unknown", "subject_tags": ["计算机科学理论"], "ccf_rating": "C", "scope_text": "logic, computing, logical systems, classical logic, non-classical logic, constructive logic, categorical logic, modal logic, type theory, feasible maths", "submission_url": "", "homepage_url": "", "keywords": [], "oa_type": "subscription", "impact_like_score": 0.0, "review_time": "", "apc": 0.0}
{"journal_id": "jsl", "journal_name": "The Journal of Symbolic Logic", "publisher": "unknown", "subject_tags": ["计算机科学理论"], "ccf_rating": "C", "scope_text": "symbolic logic, mathematical logic, applications, mathematics, philosophy, computer science, linguistics", "submission_url": "", "homepage_url": "", "keywords": [], "oa_type": "subscription", "impact_like_score": 0.0, "review_time": "", "apc": 0.0}
{"journal_id": "lmcs", "journal_name": "Logical Methods in Computer Science", "publisher": "unknown", "subject_tags": ["计算机科学理论"], "ccf_rating": "C", "scope_text": "logical methods, computer science, algebraic methods, automata and logic, automated deduction, categorical models and logic, coalgebraic methods", "submission_url": "", "homepage_url": "", "keywords": [], "oa_type": "subscription", "impact_like_score": 0.0, "review_time": "", "apc": 0.0}
{"journal_id": "sidma", "journal_name": "SIAM Journal on Discrete Mathematics", "publisher": "unknown", "subject_tags": ["计算机科学理论"], "ccf_rating": "C", "scope_text": "discrete mathematics, pure mathematics, applied mathematics, combinatorics, graph theory, discrete optimization, operations research, theoretical computer science, coding theory, communication theory", "submission_url": "", "homepage_url": "", "keywords": [], "oa_type": "subscription", "impact_like_score": 0.0, "review_time": "", "apc": 0.0}
{"journal_id": "theoryofcomputingsystems", "journal_name": "Theory of Computing Systems", "publisher": "unknown", "subject_tags": ["计算机科学理论"], "ccf_rating": "C", "scope_text": "theoretical computer science, computational complexity, algorithms, data structures, parallel algorithms, distributed algorithms, architectures", "submission_url": "", "homepage_url": "", "keywords": [], "oa_type": "subscription", "impact_like_score": 0.0, "review_time": "", "apc": 0.0}
{"journal_id": "tqc", "journal_name": "ACM Transactions in Quantum Computing", "publisher": "ACM", "subject_tags": ["计算机科学理论"], "ccf_rating": "C", "scope_text": "quantum computing, quantum information science, models, algorithms, complexity, architecture", "submission_url": "", "homepage_url": "", "keywords": [], "oa_type": "subscription", "impact_like_score": 0.0, "review_time": "", "apc": 0.0}
{"journal_id": "tog", "journal_name": "ACM Transactions on Graphics", "publisher": "ACM", "subject_tags": ["计算机图形学与多媒体"], "ccf_rating": "A", "scope_text": "computer graphics, animation, computer-aided design, color, computational geometry, computational photography, geometric modeling, graphics hardware, human factors, image synthesis", "submission_url": "", "homepage_url": "", "keywords": [], "oa_type": "subscription", "impact_like_score": 0.0, "review_time": "", "apc": 0.0}
{"journal_id": "tip", "journal_name": "IEEE Transactions on Image Processing", "publisher": "IEEE", "subject_tags": ["计算机图形学与多媒体"], "ccf_rating": "A", "scope_text": "image processing, theory, algorithms, architectures, formation, capture, processing, communication, analysis, display, images, video, multidimensional signals, signal-processing, imaging systems, image scanning, display, printing", "submission_url": "", "homepage_url": "", "keywords": [], "oa_type": "subscription", "impact_like_score": 0.0, "review_time": "", "apc": 0.0}
{"journal_id": "tvcg", "journal_name": "IEEE Transactions on Visualization and Computer Graphics", "publisher": "IEEE", "subject_tags": ["计算机图形学与多媒体"], "ccf_rating": "A", "scope_text": "visualization, computer graphics, techniques, systems, software, hardware, user interface, rendering technologies, geometric modeling, processing, shape analysis, graphics hardware, animation, simulation, perception, interaction", "submission_url": "", "homepage_url": "", "keywords": [], "oa_type": "subscription", "impact_like_score": 0.0, "review_time": "", "apc": 0.0}
{"journal_id": "tmm", "journal_name": "IEEE Transactions on Multimedia", "publisher": "IEEE", "subject_tags": ["计算机图形学与多媒体"], "ccf_rating": "A", "scope_text": "multimedia, technology, applications, circuits, networking, signal processing, systems, software, systems integration", "submission_url": "", "homepage_url": "", "keywords": [], "oa_type": "subscription", "impact_like_score": 0.0, "review_time": "", "apc": 0.0}
{"journal_id": "tomm_2", "journal_name": "ACM Transactions on Multimedia Computing,Communications and Applications", "publisher": "ACM", "subject_tags": ["计算机图形学与多媒体"], "ccf_rating": "B", "scope_text": "multimedia computing, communications, applications, I/O devices, OS, storage systems, streaming media middleware, media coding, media processing, real-time protocols, end-to-end streaming media, resource allocation, multicast protocols, databases, distributed collaboration, video conferencing, 3D virtual environments", "submission_url": "", "homepage_url": "", "keywords": [], "oa_type": "subscription", "impact_like_score": 0.0, "review_time": "", "apc": 0.0}
{"journal_id": "cagd", "journal_name": "Computer Aided Geometric Design", "publisher": "unknown", "subject_tags": ["计算机图形学与多媒体"], "ccf_rating": "B", "scope_text": "computer aided geometric design, mathematical methods, computational methods, geometric objects, CAD/CAM, robotics, scientific visualization, curves, surfaces", "submission_url": "", "homepage_url": "", "keywords": [], "oa_type": "subscription", "impact_like_score": 0.0, "review_time": "", "apc": 0.0}
{"journal_id": "cgf", "journal_name": "Computer Graphics Forum", "publisher": "unknown", "subject_tags": ["计算机图形学与多媒体"], "ccf_rating": "B", "scope_text": "computer graphics, theory, practice, application, original research, applications, conference reports, surveys, workshops", "submission_url": "", "homepage_url": "", "keywords": [], "oa_type": "subscription", "impact_like_score": 0.0, "review_time": "", "apc": 0.0}
{"journal_id": "cad", "journal_name": "Computer-Aided Design", "publisher": "unknown", "subject_tags": ["计算机图形学与多媒体"], "ccf_rating": "B", "scope_text": "computer-aided design, mechanical products, electronic products, product lifecycle, CAD/CAM, computational geometry, geometric modeling, shape modeling, solid modeling, product data management, virtual prototyping, design for manufacturing", "submission_url": "", "homepage_url": "", "keywords": [], "oa_type": "subscription", "impact_like_score": 0.0, "review_time": "", "apc": 0.0}
{"journal_id": "tcsvt", "journal_name": "IEEE Transactions on Circuits and Systems for Video Technology", "publisher": "IEEE", "subject_tags": ["计算机图形学与多媒体"], "ccf_rating": "B", "scope_text": "video technology, circuits, systems, image acquisition, video acquisition, processing, compression, transmission, display", "submission_url": "", "homepage_url": "", "keywords": [], "oa_type": "subscription", "impact_like_score": 0.0, "review_time": "", "apc": 0.0}
{"journal_id": "jasa", "journal_name": "The Journal of the Acoustical Society of America", "publisher": "unknown", "subject_tags": ["计算机图形学与多媒体"], "ccf_rating": "B", "scope_text": "acoustics, sound, linear acoustics, nonlinear acoustics, aeroacoustics, underwater sound, acoustical oceanography, ultrasonics, quantum acoustics", "submission_url": "", "homepage_url": "", "keywords": [], "oa_type": "subscription", "impact_like_score": 0.0, "review_time": "", "apc": 0.0}
{"journal_id": "siims", "journal_name": "SIAM Journal on Imaging Sciences", "publisher": "unknown", "subject_tags": ["计算机图形学与多媒体"], "ccf_rating": "B", "scope_text": "imaging sciences, image formation, image processing, image analysis, image interpretation, understanding, computer graphics, visualization, machine learning, inverse problems, science, medicine, engineering", "submission_url": "", "homepage_url": "", "keywords": [], "oa_type": "subscription", "impact_like_score": 0.0, "review_time": "", "apc": 0.0}
{"journal_id": "specom", "journal_name": "Speech Communication", "publisher": "unknown", "subject_tags": ["计算机图形学与多媒体"], "ccf_rating": "B", "scope_text": "speech communication, speech production, speech perception, spoken human language, acoustics, psychology, speech pathology, linguistics, cognitive science, communication studies, computer science, signal processing", "submission_url": "", "homepage_url": "", "keywords": [], "oa_type": "subscription", "impact_like_score": 0.0, "review_time": "", "apc": 0.0}
{"journal_id": "cvmj", "journal_name": "Computational Visual Media", "publisher": "unknown", "subject_tags": ["计算机图形学与多媒体"], "ccf_rating": "B", "scope_text": "visual media, editing, composition, geometric computing, images, video, geometry modeling, processing, machine learning", "submission_url": "", "homepage_url": "", "keywords": [], "oa_type": "subscription", "impact_like_score": 0.0, "review_time": "", "apc": 0.0}
{"journal_id": "cgta", "journal_name": "Computational Geometry: Theory and Applications", "publisher": "unknown", "subject_tags": ["计算机图形学与多媒体"], "ccf_rating": "C", "scope_text": "computational geometry, theoretical aspects, applied aspects, fundamental research, applications, techniques, numerical, graph theoretical, combinatorial aspects", "submission_url": "", "homepage_url": "", "keywords": [], "oa_type": "subscription", "impact_like_score": 0.0, "review_time": "", "apc": 0.0}
{"journal_id": "cavw", "journal_name": "computer animation & virtual worlds", "publisher": "unknown", "subject_tags": ["计算机图形学与多媒体"], "ccf_rating": "C", "scope_text": "computer animation, virtual worlds, creation, modeling, animation, rendering, virtual environments, interactive techniques, character animation, motion capture, crowd simulation, virtual reality, interactive storytelling", "submission_url": "", "homepage_url": "", "keywords": [], "oa_type": "subscription", "impact_like_score": 0.0, "review_time": "", "apc": 0.0}
{"journal_id": "c&g", "journal_name": "Computers & Graphics", "publisher": "unknown", "subject_tags": ["计算机图形学与多媒体"], "ccf_rating": "C", "scope_text": "computer graphics, interactive computer graphics, visualization, virtual environments, graphical models, data structures, languages, picture manipulation algorithms, software", "submission_url": "", "homepage_url": "", "keywords": [], "oa_type": "subscription", "impact_like_score": 0.0, "review_time": "", "apc": 0.0}
{"journal_id": "dcg", "journal_name": "Discrete & Computational Geometry", "publisher": "unknown", "subject_tags": ["计算机图形学与多媒体"], "ccf_rating": "C", "scope_text": "discrete geometry, computational geometry, configurations, arrangements, spatial subdivision, packing, covering, tiling, geometric complexity, graph theory, mathematical programming, combinatorial optimization, algebraic geometry, robotics", "submission_url": "", "homepage_url": "", "keywords": [], "oa_type": "subscription", "impact_like_score": 0.0, "review_time": "", "apc": 0.0}
{"journal_id": "spl", "journal_name": "IEEE Signal Processing Letters", "publisher": "IEEE", "subject_tags": ["计算机图形学与多媒体"], "ccf_rating": "C", "scope_text": "signal processing, theory, algorithms, applications, audio, speech, image, video, multimedia, biomedical, communication signals", "submission_url": "", "homepage_url": "", "keywords": [], "oa_type": "subscription", "impact_like_score": 0.0, "review_time": "", "apc": 0.0}
{"journal_id": "iet_ipr", "journal_name": "IET Image Processing", "publisher": "unknown", "subject_tags": ["计算机图形学与多媒体"], "ccf_rating": "C", "scope_text": "image processing, image coding, video coding, enhancement, restoration, segmentation, feature extraction, pattern recognition, machine learning, medical imaging, surveillance, remote sensing, multimedia systems", "submission_url": "", "homepage_url": "", "keywords": [], "oa_type": "subscription", "impact_like_score": 0.0, "review_time": "", "apc": 0.0}
{"journal_id": "jvcir", "journal_name": "Journal of Visual Communication and Image Representation", "publisher": "unknown", "subject_tags": ["计算机图形学与多媒体"], "ccf_rating": "C", "scope_text": "visual communication, image representation, image processing, analysis, coding, representation, compression, transmission, quality assessment, restoration, super-resolution, visual perception, biologically inspired vision models", "submission_url": "", "homepage_url": "", "keywords": [], "oa_type": "subscription", "impact_like_score": 0.0, "review_time": "", "apc": 0.0}
{"journal_id": "ms", "journal_name": "Multimedia Systems", "publisher": "unknown", "subject_tags": ["计算机图形学与多媒体"], "ccf_rating": "C", "scope_text": "multimedia systems, multimedia data representation, storage, retrieval, transmission, presentation, multimedia networking, operating systems support, multimedia applications, content analysis, streaming media, mobile multimedia", "submission_url": "", "homepage_url": "", "keywords": [], "oa_type": "subscription", "impact_like_score": 0.0, "review_time": "", "apc": 0.0}
{"journal_id": "mta", "journal_name": "Multimedia Tools and Applications", "publisher": "unknown", "subject_tags": ["计算机图形学与多媒体"], "ccf_rating": "C", "scope_text": "multimedia tools, applications, data processing, indexing, retrieval, delivery, authoring, collaboration, user interfaces, education, entertainment, surveillance, healthcare", "submission_url": "", "homepage_url": "", "keywords": [], "oa_type": "subscription", "impact_like_score": 0.0, "review_time": "", "apc": 0.0}
{"journal_id": "sigpro", "journal_name": "Signal Processing", "publisher": "unknown", "subject_tags": ["计算机图形学与多媒体"], "ccf_rating": "C", "scope_text": "signal processing, theory, applications, deterministic, statistical, adaptive filtering, array processing, spectral estimation, machine learning, audio, speech, image, video, biomedical, communication", "submission_url": "", "homepage_url": "", "keywords": [], "oa_type": "subscription", "impact_like_score": 0.0, "review_time": "", "apc": 0.0}
{"journal_id": "image", "journal_name": "Signal Processing: Image Communication", "publisher": "unknown", "subject_tags": ["计算机图形学与多媒体"], "ccf_rating": "C", "scope_text": "image communication, video communication, coding, compression, transmission, storage, quality assessment, error resilience, streaming, multimedia content analysis, indexing, retrieval, broadcasting, surveillance, medical imaging", "submission_url": "", "homepage_url": "", "keywords": [], "oa_type": "subscription", "impact_like_score": 0.0, "review_time": "", "apc": 0.0}
{"journal_id": "tvc", "journal_name": "The Visual Computer", "publisher": "unknown", "subject_tags": ["计算机图形学与多媒体"], "ccf_rating": "C", "scope_text": "visual computing, computer graphics, visualization, virtual reality, computer vision, algorithms, systems, applications, image synthesis, rendering, animation, interaction, geometric modeling, computational geometry, image-based rendering", "submission_url": "", "homepage_url": "", "keywords": [], "oa_type": "subscription", "impact_like_score": 0.0, "review_time": "", "apc": 0.0}
{"journal_id": "vi", "journal_name": "Visual Informatics", "publisher": "unknown", "subject_tags": ["计算机图形学与多媒体"], "ccf_rating": "C", "scope_text": "visual informatics, visual information processing, computer graphics, visualization, computer vision, image processing, video processing, human-computer interaction", "submission_url": "", "homepage_url": "", "keywords": [], "oa_type": "subscription", "impact_like_score": 0.0, "review_time": "", "apc": 0.0}
{"journal_id": "vrih", "journal_name": "Virtual Reality & Intelligent Hardware", "publisher": "unknown", "subject_tags": ["计算机图形学与多媒体"], "ccf_rating": "C", "scope_text": "virtual reality, augmented reality, intelligent hardware, VR/AR systems, 3D user interfaces, haptics, motion tracking, display technologies, immersive environments, intelligent interaction", "submission_url": "", "homepage_url": "", "keywords": [], "oa_type": "subscription", "impact_like_score": 0.0, "review_time": "", "apc": 0.0}
{"journal_id": "gmod", "journal_name": "Graphical Models", "publisher": "unknown", "subject_tags": ["计算机图形学与多媒体"], "ccf_rating": "C", "scope_text": "graphical models, geometric objects, graphical display, geometric modeling, shape analysis, computational geometry, solid modeling, computer graphics, CAD/CAM, medical imaging, scientific visualization", "submission_url": "", "homepage_url": "", "keywords": [], "oa_type": "subscription", "impact_like_score": 0.0, "review_time": "", "apc": 0.0}
{"journal_id": "ai", "journal_name": "Artificial Intelligence", "publisher": "unknown", "subject_tags": ["人工智能"], "ccf_rating": "A", "scope_text": "artificial intelligence, reasoning, learning, planning, knowledge representation, perception, natural language processing, theoretical foundations, algorithms, applications, philosophy, psychology, cognitive science", "submission_url": "", "homepage_url": "", "keywords": [], "oa_type": "subscription", "impact_like_score": 0.0, "review_time": "", "apc": 0.0}
{"journal_id": "tpami", "journal_name": "IEEE Transactions on Pattern Analysis and Machine Intelligence", "publisher": "IEEE", "subject_tags": ["人工智能"], "ccf_rating": "A", "scope_text": "pattern analysis, machine intelligence, computer vision, image processing, pattern recognition, machine learning, robotics, biometrics, medical image analysis", "submission_url": "", "homepage_url": "", "keywords": [], "oa_type": "subscription", "impact_like_score": 0.0, "review_time": "", "apc": 0.0}
{"journal_id": "ijcv", "journal_name": "International Journal of Computer Vision", "publisher": "unknown", "subject_tags": ["人工智能"], "ccf_rating": "A", "scope_text": "computer vision, image formation, processing, analysis, understanding, object recognition, scene understanding, motion analysis, 3D vision, computational models, biological vision", "submission_url": "", "homepage_url": "", "keywords": [], "oa_type": "subscription", "impact_like_score": 0.0, "review_time": "", "apc": 0.0}
{"journal_id": "jmlr", "journal_name": "Journal of Machine Learning Research", "publisher": "unknown", "subject_tags": ["人工智能"], "ccf_rating": "A", "scope_text": "machine learning, supervised learning, unsupervised learning, reinforcement learning, probabilistic modeling, optimization, deep learning, theoretical foundations, algorithms, applications, statistics, data mining", "submission_url": "", "homepage_url": "", "keywords": [], "oa_type": "subscription", "impact_like_score": 0.0, "review_time": "", "apc": 0.0}
{"journal_id": "tap", "journal_name": "ACM Transactions on Applied Perception", "publisher": "ACM", "subject_tags": ["人工智能"], "ccf_rating": "B", "scope_text": "applied perception, perception science, computer graphics, visualization, virtual reality, psychophysics, visual attention, haptics, multimodal perception, user interface design, gaming, medical simulation", "submission_url": "", "homepage_url": "", "keywords": [], "oa_type": "subscription", "impact_like_score": 0.0, "review_time": "", "apc": 0.0}
{"journal_id": "aamas", "journal_name": "Autonomous Agents and Multi-Agent Systems", "publisher": "unknown", "subject_tags": ["人工智能"], "ccf_rating": "B", "scope_text": "autonomous agents, multi-agent systems, agent architectures, coordination, negotiation, learning, adaptation, robotics, e-commerce, social simulation", "submission_url": "", "homepage_url": "", "keywords": [], "oa_type": "subscription", "impact_like_score": 0.0, "review_time": "", "apc": 0.0}
{"journal_id": "computationallinguistics", "journal_name": "Computational Linguistics", "publisher": "unknown", "subject_tags": ["人工智能"], "ccf_rating": "B", "scope_text": "computational linguistics, natural language, syntax, semantics, discourse, pragmatics, machine translation, information extraction, text summarization, question answering", "submission_url": "", "homepage_url": "", "keywords": [], "oa_type": "subscription", "impact_like_score": 0.0, "review_time": "", "apc": 0.0}
{"journal_id": "cviu", "journal_name": "Computer Vision and Image Understanding", "publisher": "unknown", "subject_tags": ["人工智能"], "ccf_rating": "B", "scope_text": "computer vision, image understanding, image formation, processing, analysis, interpretation, object recognition, scene understanding, motion analysis, 3D vision, computational models, biological vision", "submission_url": "", "homepage_url": "", "keywords": [], "oa_type": "subscription", "impact_like_score": 0.0, "review_time": "", "apc": 0.0}
{"journal_id": "dke_2", "journal_name": "Data & Knowledge Engineering", "publisher": "unknown", "subject_tags": ["人工智能"], "ccf_rating": "B", "scope_text": "data engineering, knowledge engineering, database systems, data mining, knowledge discovery, data warehousing, information retrieval, knowledge representation, reasoning, management, e-commerce, healthcare, scientific data management", "submission_url": "", "homepage_url": "", "keywords": [], "oa_type": "subscription", "impact_like_score": 0.0, "review_time": "", "apc": 0.0}
{"journal_id": "evolutionarycomputation", "journal_name": "Evolutionary Computation", "publisher": "unknown", "subject_tags": ["人工智能"], "ccf_rating": "B", "scope_text": "evolutionary computation, genetic algorithms, evolution strategies, genetic programming, swarm intelligence, optimization, learning, adaptation, engineering design, bioinformatics, robotics", "submission_url": "", "homepage_url": "", "keywords": [], "oa_type": "subscription", "impact_like_score": 0.0, "review_time": "", "apc": 0.0}
{"journal_id": "tac", "journal_name": "IEEE Transactions on Affective Computing", "publisher": "IEEE", "subject_tags": ["人工智能"], "ccf_rating": "B", "scope_text": "affective computing, recognition, interpretation, generation, human emotions, affect, multimodal emotion recognition, affective human-computer interaction, healthcare, education, entertainment", "submission_url": "", "homepage_url": "", "keywords": [], "oa_type": "subscription", "impact_like_score": 0.0, "review_time": "", "apc": 0.0}
{"journal_id": "taslp", "journal_name": "IEEE Transactions on Audio, Speech and Language Processing", "publisher": "IEEE", "subject_tags": ["人工智能"], "ccf_rating": "B", "scope_text": "audio processing, speech processing, language processing, speech recognition, synthesis, audio signal processing, natural language processing, multimodal processing, human-computer interaction, communication, healthcare", "submission_url": "", "homepage_url": "", "keywords": [], "oa_type": "subscription", "impact_like_score": 0.0, "review_time": "", "apc": 0.0}
{"journal_id": "ieeetransactionsoncybernetics", "journal_name": "IEEE Transactions on Cybernetics", "publisher": "IEEE", "subject_tags": ["人工智能"], "ccf_rating": "B", "scope_text": "cybernetics, control systems, robotics, neural networks, intelligent systems, system modeling, control, optimization, learning, manufacturing, transportation, healthcare", "submission_url": "", "homepage_url": "", "keywords": [], "oa_type": "subscription", "impact_like_score": 0.0, "review_time": "", "apc": 0.0}
{"journal_id": "tec", "journal_name": "IEEE Transactions on Evolutionary Computation", "publisher": "IEEE", "subject_tags": ["人工智能"], "ccf_rating": "B", "scope_text": "evolutionary computation, genetic algorithms, evolution strategies, genetic programming, swarm intelligence, optimization, learning, adaptation, engineering design, bioinformatics, robotics", "submission_url": "", "homepage_url": "", "keywords": [], "oa_type": "subscription", "impact_like_score": 0.0, "review_time": "", "apc": 0.0}
{"journal_id": "tfs", "journal_name": "IEEE Transactions on Fuzzy Systems", "publisher": "IEEE", "subject_tags": ["人工智能"], "ccf_rating": "B", "scope_text": "fuzzy systems, fuzzy logic, fuzzy sets, fuzzy control, uncertainty modeling, decision making, pattern recognition, control systems, robotics, intelligent systems", "submission_url": "", "homepage_url": "", "keywords": [], "oa_type": "subscription", "impact_like_score": 0.0, "review_time": "", "apc": 0.0}
{"journal_id": "tnnls", "journal_name": "IEEE Transactions on Neural Networks and learning systems", "publisher": "IEEE", "subject_tags": ["人工智能"], "ccf_rating": "B", "scope_text": "neural networks, learning systems, deep learning, reinforcement learning, pattern recognition, network architectures, learning algorithms, optimization, computer vision, speech recognition, robotics", "submission_url": "", "homepage_url": "", "keywords": [], "oa_type": "subscription", "impact_like_score": 0.0, "review_time": "", "apc": 0.0}
{"journal_id": "ijar", "journal_name": "International Journal of Approximate Reasoning", "publisher": "unknown", "subject_tags": ["人工智能"], "ccf_rating": "B", "scope_text": "approximate reasoning, fuzzy logic, probabilistic reasoning, uncertainty modeling, knowledge representation, inference, decision making, artificial intelligence, data mining, expert systems", "submission_url": "", "homepage_url": "", "keywords": [], "oa_type": "subscription", "impact_like_score": 0.0, "review_time": "", "apc": 0.0}
{"journal_id": "jair", "journal_name": "Journal of Artificial Intelligence Research", "publisher": "unknown", "subject_tags": ["人工智能"], "ccf_rating": "B", "scope_text": "artificial intelligence, reasoning, learning, planning, knowledge representation, perception, natural language processing, theoretical foundations, algorithms, applications", "submission_url": "", "homepage_url": "", "keywords": [], "oa_type": "subscription", "impact_like_score": 0.0, "review_time": "", "apc": 0.0}
{"journal_id": "journalofautomatedreasoning", "journal_name": "Journal of Automated Reasoning", "publisher": "unknown", "subject_tags": ["人工智能"], "ccf_rating": "B", "scope_text": "automated reasoning, theorem proving, model checking, decision procedures, logical reasoning, constraint solving, verification, hardware verification, software verification, artificial intelligence, formal methods", "submission_url": "", "homepage_url": "", "keywords": [], "oa_type": "subscription", "impact_like_score": 0.0, "review_time": "", "apc": 0.0}
{"journal_id": "jslhr", "journal_name": "Journal of Speech, Language, and Hearing Research", "publisher": "unknown", "subject_tags": ["人工智能"], "ccf_rating": "B", "scope_text": "speech, language, hearing research, speech production, speech perception, language processing, auditory function, disorders of speech, language, hearing", "submission_url": "", "homepage_url": "", "keywords": [], "oa_type": "subscription", "impact_like_score": 0.0, "review_time": "", "apc": 0.0}
{"journal_id": "machinelearning", "journal_name": "Machine Learning", "publisher": "unknown", "subject_tags": ["人工智能"], "ccf_rating": "B", "scope_text": "machine learning, supervised learning, unsupervised learning, reinforcement learning, probabilistic modeling, algorithms, optimization, evaluation, data mining, computer vision, natural language processing", "submission_url": "", "homepage_url": "", "keywords": [], "oa_type": "subscription", "impact_like_score": 0.0, "review_time": "", "apc": 0.0}
{"journal_id": "neuralcomputation", "journal_name": "Neural Computation", "publisher": "unknown", "subject_tags": ["人工智能"], "ccf_rating": "B", "scope_text": "neural computation, neural networks, learning algorithms, computational neuroscience, network architectures, learning dynamics, information processing, pattern recognition, robotics, cognitive science", "submission_url": "", "homepage_url": "", "keywords": [], "oa_type": "subscription", "impact_like_score": 0.0, "review_time": "", "apc": 0.0}
{"journal_id": "neuralnetworks", "journal_name": "Neural Networks", "publisher": "unknown", "subject_tags": ["人工智能"], "ccf_rating": "B", "scope_text": "neural networks, deep learning, reinforcement learning, computational neuroscience, network architectures, learning algorithms, optimization, computer vision, speech recognition, robotics", "submission_url": "", "homepage_url": "", "keywords": [], "oa_type": "subscription", "impact_like_score": 0.0, "review_time": "", "apc": 0.0}
{"journal_id": "pr", "journal_name": "Pattern Recognition", "publisher": "unknown", "subject_tags": ["人工智能"], "ccf_rating": "B", "scope_text": "pattern recognition, classification, clustering, feature extraction, machine learning, image processing, computer vision, biometrics, document analysis, medical imaging", "submission_url": "", "homepage_url": "", "keywords": [], "oa_type": "subscription", "impact_like_score": 0.0, "review_time": "", "apc": 0.0}
{"journal_id": "tacl", "journal_name": "Transactions of the Association for Computational Linguistics", "publisher": "unknown", "subject_tags": ["人工智能"], "ccf_rating": "B", "scope_text": "computational linguistics, syntax, semantics, discourse, pragmatics, natural language processing, machine translation, information extraction, text summarization, question answering, dialogue systems", "submission_url": "", "homepage_url": "", "keywords": [], "oa_type": "subscription", "impact_like_score": 0.0, "review_time": "", "apc": 0.0}
{"journal_id": "tallip", "journal_name": "ACM Transactions on Asian and Low-Resource Language Information Processing", "publisher": "ACM", "subject_tags": ["人工智能"], "ccf_rating": "C", "scope_text": "Asian languages, low-resource languages, language information processing, computational linguistics, natural language processing, machine translation, information retrieval, resource development, evaluation", "submission_url": "", "homepage_url": "", "keywords": [], "oa_type": "subscription", "impact_like_score": 0.0, "review_time": "", "apc": 0.0}
{"journal_id": "appliedintelligence", "journal_name": "Applied Intelligence", "publisher": "unknown", "subject_tags": ["人工智能"], "ccf_rating": "C", "scope_text": "applied intelligence, artificial intelligence, machine learning, data mining, intelligent systems, optimization, decision making, engineering, finance, healthcare", "submission_url": "", "homepage_url": "", "keywords": [], "oa_type": "subscription", "impact_like_score": 0.0, "review_time": "", "apc": 0.0}
{"journal_id": "aim", "journal_name": "Artificial Intelligence in Medicine", "publisher": "unknown", "subject_tags": ["人工智能"], "ccf_rating": "C", "scope_text": "artificial intelligence, medicine, clinical decision support, medical imaging, health informatics, machine learning, knowledge representation, natural language processing, diagnosis, prognosis, treatment planning", "submission_url": "", "homepage_url": "", "keywords": [], "oa_type": "subscription", "impact_like_score": 0.0, "review_time": "", "apc": 0.0}
{"journal_id": "artificiallife", "journal_name": "Artificial Life", "publisher": "unknown", "subject_tags": ["人工智能"], "ccf_rating": "C", "scope_text": "artificial life, simulation, synthesis, living systems, evolutionary computation, swarm intelligence, self-organization, robotics, biology, ecology", "submission_url": "", "homepage_url": "", "keywords": [], "oa_type": "subscription", "impact_like_score": 0.0, "review_time": "", "apc": 0.0}
{"journal_id": "computationalintelligence", "journal_name": "Computational Intelligence", "publisher": "unknown", "subject_tags": ["人工智能"], "ccf_rating": "C", "scope_text": "computational intelligence, neural networks, fuzzy systems, evolutionary computation, optimization, learning, adaptation, engineering, finance, robotics", "submission_url": "", "homepage_url": "", "keywords": [], "oa_type": "subscription", "impact_like_score": 0.0, "review_time": "", "apc": 0.0}
{"journal_id": "computerspeechlanguage", "journal_name": "Computer Speech & Language", "publisher": "unknown", "subject_tags": ["人工智能"], "ccf_rating": "C", "scope_text": "computer speech, language, speech recognition, synthesis, natural language processing, acoustic modeling, language modeling, dialogue systems, human-computer interaction, communication", "submission_url": "", "homepage_url": "", "keywords": [], "oa_type": "subscription", "impact_like_score": 0.0, "review_time": "", "apc": 0.0}
{"journal_id": "connectionscience", "journal_name": "Connection Science", "publisher": "unknown", "subject_tags": ["人工智能"], "ccf_rating": "C", "scope_text": "connectionist models, neural networks, learning algorithms, network architectures, learning dynamics, information processing, pattern recognition, robotics, cognitive science", "submission_url": "", "homepage_url": "", "keywords": [], "oa_type": "subscription", "impact_like_score": 0.0, "review_time": "", "apc": 0.0}
{"journal_id": "dss", "journal_name": "Decision Support Systems", "publisher": "unknown", "subject_tags": ["人工智能"], "ccf_rating": "C", "scope_text": "decision support systems, data warehousing, business intelligence, analytics, data mining, modeling, optimization, finance, marketing, operations management", "submission_url": "", "homepage_url": "", "keywords": [], "oa_type": "subscription", "impact_like_score": 0.0, "review_time": "", "apc": 0.0}
{"journal_id": "eaai", "journal_name": "Engineering Applications of Artificial Intelligence", "publisher": "unknown", "subject_tags": ["人工智能"], "ccf_rating": "C", "scope_text": "engineering applications, artificial intelligence, intelligent control, optimization, decision making, machine learning, expert systems, robotics, manufacturing, transportation, energy", "submission_url": "", "homepage_url": "", "keywords": [], "oa_type": "subscription", "impact_like_score": 0.0, "review_time": "", "apc": 0.0}
{"journal_id": "expertsystems", "journal_name": "Expert Systems", "publisher": "unknown", "subject_tags": ["人工智能"], "ccf_rating": "C", "scope_text": "expert systems, knowledge-based systems, rule-based reasoning, decision support, knowledge acquisition, representation, reasoning, engineering, finance, healthcare", "submission_url": "", "homepage_url": "", "keywords": [], "oa_type": "subscription", "impact_like_score": 0.0, "review_time": "", "apc": 0.0}
{"journal_id": "eswa", "journal_name": "Expert Systems with Applications", "publisher": "unknown", "subject_tags": ["人工智能"], "ccf_rating": "C", "scope_text": "expert systems, applications, intelligent systems, knowledge-based systems, machine learning, data mining, decision support, optimization, pattern recognition, engineering, finance, healthcare", "submission_url": "", "homepage_url": "", "keywords": [], "oa_type": "subscription", "impact_like_score": 0.0, "review_time": "", "apc": 0.0}
{"journal_id": "fuzzysetsandsystems", "journal_name": "Fuzzy Sets and Systems", "publisher": "unknown", "subject_tags": ["人工智能"], "ccf_rating": "C", "scope_text": "fuzzy sets, systems, fuzzy logic, fuzzy control, fuzzy decision making, uncertainty modeling, pattern recognition, optimization, engineering, finance, robotics", "submission_url": "", "homepage_url": "", "keywords": [], "oa_type": "subscription", "impact_like_score": 0.0, "review_time": "", "apc": 0.0}
{"journal_id": "tg", "journal_name": "IEEE Transactions on Games", "publisher": "IEEE", "subject_tags": ["人工智能"], "ccf_rating": "C", "scope_text": "games, game design, game AI, game analytics, player modeling, procedural content generation, serious games, education, training, entertainment", "submission_url": "", "homepage_url": "", "keywords": [], "oa_type": "subscription", "impact_like_score": 0.0, "review_time": "", "apc": 0.0}
{"journal_id": "iet_cvi", "journal_name": "IET Computer Vision", "publisher": "unknown", "subject_tags": ["人工智能"], "ccf_rating": "C", "scope_text": "computer vision, image processing, pattern recognition, machine learning, object recognition, scene understanding, motion analysis, 3D vision, surveillance, robotics, medical imaging", "submission_url": "", "homepage_url": "", "keywords": [], "oa_type": "subscription", "impact_like_score": 0.0, "review_time": "", "apc": 0.0}
{"journal_id": "ietsignalprocessing", "journal_name": "IET Signal Processing", "publisher": "unknown", "subject_tags": ["人工智能"], "ccf_rating": "C", "scope_text": "signal processing, deterministic, statistical, adaptive filtering, array processing, audio, speech, image, video, biomedical, communications, radar, sonar", "submission_url": "", "homepage_url": "", "keywords": [], "oa_type": "subscription", "impact_like_score": 0.0, "review_time": "", "apc": 0.0}
{"journal_id": "ivc", "journal_name": "Image and Vision Computing", "publisher": "unknown", "subject_tags": ["人工智能"], "ccf_rating": "C", "scope_text": "image processing, computer vision, image formation, processing, analysis, understanding, object recognition, scene understanding, motion analysis, 3D vision, surveillance, robotics, medical imaging", "submission_url": "", "homepage_url": "", "keywords": [], "oa_type": "subscription", "impact_like_score": 0.0, "review_time": "", "apc": 0.0}
{"journal_id": "ida", "journal_name": "Intelligent Data Analysis", "publisher": "unknown", "subject_tags": ["人工智能"], "ccf_rating": "C", "scope_text": "intelligent data analysis, data mining, machine learning, knowledge discovery, classification, clustering, pattern recognition, business intelligence, healthcare, scientific data analysis", "submission_url": "", "homepage_url": "", "keywords": [], "oa_type": "subscription", "impact_like_score": 0.0, "review_time": "", "apc": 0.0}
{"journal_id": "ijcia", "journal_name": "International Journal of Computational Intelligence and Applications", "publisher": "unknown", "subject_tags": ["人工智能"], "ccf_rating": "C", "scope_text": "computational intelligence, neural networks, fuzzy systems, evolutionary computation, optimization, learning, adaptation, engineering, finance, robotics", "submission_url": "", "homepage_url": "", "keywords": [], "oa_type": "subscription", "impact_like_score": 0.0, "review_time": "", "apc": 0.0}
{"journal_id": "ijis_2", "journal_name": "International Journal of Intelligent Systems", "publisher": "unknown", "subject_tags": ["人工智能"], "ccf_rating": "C", "scope_text": "intelligent systems, artificial intelligence, machine learning, knowledge-based systems, reasoning, learning, decision making, engineering, finance, healthcare", "submission_url": "", "homepage_url": "", "keywords": [], "oa_type": "subscription", "impact_like_score": 0.0, "review_time": "", "apc": 0.0}
{"journal_id": "ijns", "journal_name": "International Journal of Neural Systems", "publisher": "unknown", "subject_tags": ["人工智能"], "ccf_rating": "C", "scope_text": "neural systems, neural networks, computational neuroscience, brain-computer interfaces, network architectures, learning algorithms, information processing, pattern recognition, robotics, cognitive science", "submission_url": "", "homepage_url": "", "keywords": [], "oa_type": "subscription", "impact_like_score": 0.0, "review_time": "", "apc": 0.0}
{"journal_id": "ijprai", "journal_name": "International Journal of Pattern Recognition and Artificial Intelligence", "publisher": "unknown", "subject_tags": ["人工智能"], "ccf_rating": "C", "scope_text": "pattern recognition, artificial intelligence, classification, clustering, feature extraction, machine learning, image processing, computer vision, biometrics, document analysis, medical imaging", "submission_url": "", "homepage_url": "", "keywords": [], "oa_type": "subscription", "impact_like_score": 0.0, "review_time": "", "apc": 0.0}
{"journal_id": "ijufks", "journal_name": "International Journal of Uncertainty,Fuzziness and Knowledge-Based Systems", "publisher": "unknown", "subject_tags": ["人工智能"], "ccf_rating": "C", "scope_text": "uncertainty, fuzziness, knowledge-based systems, fuzzy logic, probabilistic reasoning, rough sets, uncertainty modeling, decision making, pattern recognition, engineering, finance, healthcare", "submission_url": "https://www.dagstuhl.de/en", "homepage_url": "https://www.dagstuhl.de/en", "keywords": [], "oa_type": "subscription", "impact_like_score": 0.0, "review_time": "", "apc": 0.0}
{"journal_id": "ijdar", "journal_name": "International Journal on Document Analysis and Recognition", "publisher": "unknown", "subject_tags": ["人工智能"], "ccf_rating": "C", "scope_text": "document analysis, recognition, optical character recognition, document layout analysis, handwriting recognition, machine learning, image processing, pattern recognition, digital libraries, historical document analysis, automated forms processing", "submission_url": "https://www.dagstuhl.de/en", "homepage_url": "https://www.dagstuhl.de/en", "keywords": [], "oa_type": "subscription", "impact_like_score": 0.0, "review_time": "", "apc": 0.0}
{"journal_id": "jetai", "journal_name": "Journal of Experimental and Theoretical Artificial Intelligence", "publisher": "unknown", "subject_tags": ["人工智能"], "ccf_rating": "C", "scope_text": "experimental artificial intelligence, theoretical artificial intelligence, reasoning, learning, planning, knowledge representation, cognitive modeling, robotics, natural language processing, engineering, finance, healthcare", "submission_url": "https://www.dagstuhl.de/en", "homepage_url": "https://www.dagstuhl.de/en", "keywords": [], "oa_type": "subscription", "impact_like_score": 0.0, "review_time": "", "apc": 0.0}
{"journal_id": "kbs", "journal_name": "Knowledge-Based Systems", "publisher": "unknown", "subject_tags": ["人工智能"], "ccf_rating": "C", "scope_text": "knowledge-based systems, expert systems, rule-based reasoning, decision support, knowledge acquisition, representation, reasoning, engineering, finance, healthcare", "submission_url": "https://www.sciencedirect.com/journal/knowledge-based-systems", "homepage_url": "https://www.sciencedirect.com/journal/knowledge-based-systems", "keywords": [], "oa_type": "subscription", "impact_like_score": 0.0, "review_time": "", "apc": 0.0}
{"journal_id": "machinetranslation", "journal_name": "Machine Translation", "publisher": "unknown", "subject_tags": ["人工智能"], "ccf_rating": "C", "scope_text": "machine translation, statistical machine translation, neural machine translation, evaluation metrics, natural language processing, computational linguistics, multilingual information retrieval, cross-lingual communication, localization", "submission_url": "", "homepage_url": "", "keywords": [], "oa_type": "subscription", "impact_like_score": 0.0, "review_time": "", "apc": 0.0}
{"journal_id": "machinevisionandapplications", "journal_name": "Machine Vision and Applications", "publisher": "unknown", "subject_tags": ["人工智能"], "ccf_rating": "C", "scope_text": "machine vision, applications, image processing, computer vision, pattern recognition, object recognition, scene understanding, motion analysis, 3D vision, industrial inspection, robotics, medical imaging", "submission_url": "", "homepage_url": "", "keywords": [], "oa_type": "subscription", "impact_like_score": 0.0, "review_time": "", "apc": 0.0}
{"journal_id": "naturalcomputing", "journal_name": "Natural Computing", "publisher": "unknown", "subject_tags": ["人工智能"], "ccf_rating": "C", "scope_text": "natural computing, evolutionary computation, neural networks, swarm intelligence, optimization, learning, adaptation, engineering, finance, robotics", "submission_url": "", "homepage_url": "", "keywords": [], "oa_type": "subscription", "impact_like_score": 0.0, "review_time": "", "apc": 0.0}
{"journal_id": "nle", "journal_name": "Natural Language Engineering", "publisher": "unknown", "subject_tags": ["人工智能"], "ccf_rating": "C", "scope_text": "natural language engineering, natural language processing, computational linguistics, text mining, syntax, semantics, discourse, pragmatics, machine translation, information extraction, question answering", "submission_url": "https://www.dagstuhl.de/en", "homepage_url": "https://www.dagstuhl.de/en", "keywords": [], "oa_type": "subscription", "impact_like_score": 0.0, "review_time": "", "apc": 0.0}
{"journal_id": "nca", "journal_name": "Neural Computing and Applications", "publisher": "unknown", "subject_tags": ["人工智能"], "ccf_rating": "C", "scope_text": "neural computing, applications, neural networks, deep learning, reinforcement learning, network architectures, learning algorithms, optimization, pattern recognition, robotics, finance", "submission_url": "https://www.dagstuhl.de/en", "homepage_url": "https://www.dagstuhl.de/en", "keywords": [], "oa_type": "subscription", "impact_like_score": 0.0, "review_time": "", "apc": 0.0}
{"journal_id": "npl", "journal_name": "Neural Processing Letters", "publisher": "unknown", "subject_tags": ["人工智能"], "ccf_rating": "C", "scope_text": "neural processing, neural networks, learning algorithms, computational neuroscience, network architectures, learning dynamics, information processing, pattern recognition, robotics, cognitive science", "submission_url": "https://www.dagstuhl.de/en", "homepage_url": "https://www.dagstuhl.de/en", "keywords": [], "oa_type": "subscription", "impact_like_score": 0.0, "review_time": "", "apc": 0.0}
{"journal_id": "neurocomputing", "journal_name": "Neurocomputing", "publisher": "unknown", "subject_tags": ["人工智能"], "ccf_rating": "C", "scope_text": "neurocomputing, neural networks, machine learning, computational neuroscience, network architectures, learning algorithms, optimization, pattern recognition, robotics, signal processing", "submission_url": "", "homepage_url": "", "keywords": [], "oa_type": "subscription", "impact_like_score": 0.0, "review_time": "", "apc": 0.0}
{"journal_id": "paa", "journal_name": "Pattern Analysis and Applications", "publisher": "unknown", "subject_tags": ["人工智能"], "ccf_rating": "C", "scope_text": "pattern analysis, applications, classification, clustering, feature extraction, machine learning, image processing, computer vision, biometrics, document analysis, medical imaging", "submission_url": "https://www.dagstuhl.de/en", "homepage_url": "https://www.dagstuhl.de/en", "keywords": [], "oa_type": "subscription", "impact_like_score": 0.0, "review_time": "", "apc": 0.0}
{"journal_id": "prl", "journal_name": "Pattern Recognition Letters", "publisher": "unknown", "subject_tags": ["人工智能"], "ccf_rating": "C", "scope_text": "pattern recognition letters, classification, clustering, feature extraction, machine learning, image processing, computer vision, biometrics, document analysis, medical imaging", "submission_url": "https://www.sciencedirect.com/journal/pattern-recognition-letters", "homepage_url": "https://www.sciencedirect.com/journal/pattern-recognition-letters", "keywords": [], "oa_type": "subscription", "impact_like_score": 0.0, "review_time": "", "apc": 0.0}
{"journal_id": "softcomputing", "journal_name": "Soft Computing", "publisher": "unknown", "subject_tags": ["人工智能"], "ccf_rating": "C", "scope_text": "soft computing, fuzzy logic, neural networks, evolutionary computation, uncertainty modeling, optimization, decision making, engineering, finance, robotics", "submission_url": "", "homepage_url": "", "keywords": [], "oa_type": "subscription", "impact_like_score": 0.0, "review_time": "", "apc": 0.0}
{"journal_id": "wi", "journal_name": "Web Intelligence", "publisher": "unknown", "subject_tags": ["人工智能"], "ccf_rating": "C", "scope_text": "web intelligence, web mining, semantic web, social network analysis, machine learning, natural language processing, information retrieval, e-commerce, recommender systems, social media analysis", "submission_url": "http://link.springer.com/journal/11576", "homepage_url": "http://link.springer.com/journal/11576", "keywords": [], "oa_type": "subscription", "impact_like_score": 0.0, "review_time": "", "apc": 0.0}
{"journal_id": "tiis", "journal_name": "ACM Transactions on Interactive Intelligent Systems", "publisher": "ACM", "subject_tags": ["人工智能"], "ccf_rating": "C", "scope_text": "interactive intelligent systems, intelligent user interfaces, recommender systems, conversational agents, machine learning, natural language processing, human-computer interaction, education, healthcare, entertainment", "submission_url": "https://dl.acm.org/journal/tiis", "homepage_url": "https://dl.acm.org/journal/tiis", "keywords": [], "oa_type": "subscription", "impact_like_score": 0.0, "review_time": "", "apc": 0.0}
{"journal_id": "telo", "journal_name": "ACM Transactions on Evolutionary Learning and Optimization", "publisher": "ACM", "subject_tags": ["人工智能"], "ccf_rating": "C", "scope_text": "evolutionary learning, optimization, genetic algorithms, evolution strategies, swarm intelligence, optimization, learning, adaptation, engineering design, bioinformatics, robotics", "submission_url": "https://www.dagstuhl.de/en", "homepage_url": "https://www.dagstuhl.de/en", "keywords": [], "oa_type": "subscription", "impact_like_score": 0.0, "review_time": "", "apc": 0.0}
{"journal_id": "jats", "journal_name": "ACM Journal on Autonomous Transportation Systems", "publisher": "ACM", "subject_tags": ["人工智能"], "ccf_rating": "C", "scope_text": "autonomous transportation systems, autonomous vehicles, intelligent transportation systems, traffic control, perception, planning, control, automotive, aerospace, logistics", "submission_url": "", "homepage_url": "", "keywords": [], "oa_type": "subscription", "impact_like_score": 0.0, "review_time": "", "apc": 0.0}
{"journal_id": "tochi", "journal_name": "ACM Transactions on Computer-Human Interaction", "publisher": "ACM", "subject_tags": ["人机交互与普适计算"], "ccf_rating": "A", "scope_text": "computer-human interaction, user interface design, user experience, interaction techniques, human factors, usability, accessibility, software engineering, information systems, gaming", "submission_url": "https://dl.acm.org/journal/tochi", "homepage_url": "https://dl.acm.org/journal/tochi", "keywords": [], "oa_type": "subscription", "impact_like_score": 0.0, "review_time": "", "apc": 0.0}
{"journal_id": "ijhcs", "journal_name": "International Journal of Human-Computer Studies", "publisher": "unknown", "subject_tags": ["人机交互与普适计算"], "ccf_rating": "A", "scope_text": "human-computer interaction, user interface design, user experience, interaction techniques, cognitive engineering, human factors, usability, software engineering, information systems, gaming", "submission_url": "", "homepage_url": "", "keywords": [], "oa_type": "subscription", "impact_like_score": 0.0, "review_time": "", "apc": 0.0}
{"journal_id": "cscw", "journal_name": "Computer Supported Cooperative Work", "publisher": "unknown", "subject_tags": ["人机交互与普适计算"], "ccf_rating": "B", "scope_text": "computer supported cooperative work, collaboration technologies, groupware, social computing, human-computer interaction, organizational behavior, computer-mediated communication, virtual teams, e-learning, healthcare", "submission_url": "https://www.dagstuhl.de/en", "homepage_url": "https://www.dagstuhl.de/en", "keywords": [], "oa_type": "subscription", "impact_like_score": 0.0, "review_time": "", "apc": 0.0}
{"journal_id": "hci", "journal_name": "Human-Computer Interaction", "publisher": "unknown", "subject_tags": ["人机交互与普适计算"], "ccf_rating": "B", "scope_text": "human-computer interaction, user interface design, user experience, interaction techniques, cognitive engineering, human factors, usability, software engineering, information systems, gaming", "submission_url": "", "homepage_url": "", "keywords": [], "oa_type": "subscription", "impact_like_score": 0.0, "review_time": "", "apc": 0.0}
{"journal_id": "ieeetransactionsonhumanmachinesystems", "journal_name": "IEEE Transactions on Human-Machine Systems", "publisher": "IEEE", "subject_tags": ["人机交互与普适计算"], "ccf_rating": "B", "scope_text": "human-machine systems, human-computer interaction, human-robot interaction, human factors, user interface design, interaction techniques, usability, automotive, aerospace, healthcare", "submission_url": "", "homepage_url": "", "keywords": [], "oa_type": "subscription", "impact_like_score": 0.0, "review_time": "", "apc": 0.0}
{"journal_id": "iwc", "journal_name": "Interacting with Computers", "publisher": "unknown", "subject_tags": ["人机交互与普适计算"], "ccf_rating": "B", "scope_text": "human-computer interaction, user interface design, user experience, interaction techniques, cognitive engineering, human factors, usability, software engineering, information systems, gaming", "submission_url": "http://www.sciencedirect.com/science/journal/09535438", "homepage_url": "http://www.sciencedirect.com/science/journal/09535438", "keywords": [], "oa_type": "subscription", "impact_like_score": 0.0, "review_time": "", "apc": 0.0}
{"journal_id": "ijhci", "journal_name": "International Journal of Human-Computer Interaction", "publisher": "unknown", "subject_tags": ["人机交互与普适计算"], "ccf_rating": "B", "scope_text": "human-computer interaction, user interface design, user experience, interaction techniques, cognitive engineering, human factors, usability, software engineering, information systems, gaming", "submission_url": "https://www.dagstuhl.de/en", "homepage_url": "https://www.dagstuhl.de/en", "keywords": [], "oa_type": "subscription", "impact_like_score": 0.0, "review_time": "", "apc": 0.0}
{"journal_id": "umuai", "journal_name": "User Modeling and User-Adapted Interaction", "publisher": "unknown", "subject_tags": ["人机交互与普适计算"], "ccf_rating": "B", "scope_text": "user modeling, user-adapted interaction, personalized systems, recommender systems, adaptive interfaces, machine learning, human-computer interaction, artificial intelligence, e-commerce, education, healthcare", "submission_url": "https://www.dagstuhl.de/en", "homepage_url": "https://www.dagstuhl.de/en", "keywords": [], "oa_type": "subscription", "impact_like_score": 0.0, "review_time": "", "apc": 0.0}
{"journal_id": "tsmc", "journal_name": "IEEE Transactions on Systems, Man, and Cybernetics: Systems", "publisher": "IEEE", "subject_tags": ["人机交互与普适计算"], "ccf_rating": "B", "scope_text": "systems engineering, human-machine systems, cybernetics, system modeling, control, optimization, decision making, manufacturing, transportation, healthcare", "submission_url": "", "homepage_url": "", "keywords": [], "oa_type": "subscription", "impact_like_score": 0.0, "review_time": "", "apc": 0.0}
{"journal_id": "ccf_tpci", "journal_name": "CCF Transactions on Pervasive Computing and Interaction", "publisher": "unknown", "subject_tags": ["人机交互与普适计算"], "ccf_rating": "B", "scope_text": "pervasive computing, human-computer interaction, ubiquitous computing, mobile computing, context-aware systems, sensors, networks, middleware, smart homes, healthcare, transportation", "submission_url": "", "homepage_url": "", "keywords": [], "oa_type": "subscription", "impact_like_score": 0.0, "review_time": "", "apc": 0.0}
{"journal_id": "bit", "journal_name": "Behaviour & Information Technology", "publisher": "unknown", "subject_tags": ["人机交互与普适计算"], "ccf_rating": "C", "scope_text": "behaviour, information technology, human-computer interaction, user interface design, user experience, interaction techniques, cognitive engineering, human factors, usability, software engineering, information systems, gaming", "submission_url": "", "homepage_url": "", "keywords": [], "oa_type": "subscription", "impact_like_score": 0.0, "review_time": "", "apc": 0.0}
{"journal_id": "puc", "journal_name": "Personal and Ubiquitous Computing", "publisher": "unknown", "subject_tags": ["人机交互与普适计算"], "ccf_rating": "C", "scope_text": "personal computing, ubiquitous computing, mobile computing, wearable computing, context-aware systems, sensors, networks, middleware, smart homes, healthcare, transportation", "submission_url": "", "homepage_url": "", "keywords": [], "oa_type": "subscription", "impact_like_score": 0.0, "review_time": "", "apc": 0.0}
{"journal_id": "pmc", "journal_name": "Pervasive and Mobile Computing", "publisher": "unknown", "subject_tags": ["人机交互与普适计算"], "ccf_rating": "C", "scope_text": "pervasive computing, mobile computing, ubiquitous computing, mobile networking, context-aware systems, sensors, networks, middleware, smart cities, healthcare, transportation", "submission_url": "", "homepage_url": "", "keywords": [], "oa_type": "subscription", "impact_like_score": 0.0, "review_time": "", "apc": 0.0}
{"journal_id": "pacmhci", "journal_name": "Proceedings of the ACM on Human-Computer Interaction", "publisher": "ACM", "subject_tags": ["人机交互与普适计算"], "ccf_rating": "C", "scope_text": "human-computer interaction, user interface design, user experience, interaction techniques, cognitive engineering, human factors, usability, software engineering, information systems, gaming", "submission_url": "", "homepage_url": "", "keywords": [], "oa_type": "subscription", "impact_like_score": 0.0, "review_time": "", "apc": 0.0}
{"journal_id": "thri", "journal_name": "ACM Transactions on Human-Robot Interaction", "publisher": "ACM", "subject_tags": ["人机交互与普适计算"], "ccf_rating": "C", "scope_text": "human-robot interaction, robot design, user studies, interaction techniques, cognitive engineering, human factors, usability, healthcare, education, entertainment", "submission_url": "", "homepage_url": "", "keywords": [], "oa_type": "subscription", "impact_like_score": 0.0, "review_time": "", "apc": 0.0}
{"journal_id": "jacm", "journal_name": "Journal of the ACM", "publisher": "ACM", "subject_tags": ["交叉/综合/新兴"], "ccf_rating": "A", "scope_text": "computer science, algorithms, complexity, programming languages, artificial intelligence, computer systems, theoretical foundations, practical applications", "submission_url": "", "homepage_url": "", "keywords": [], "oa_type": "subscription", "impact_like_score": 0.0, "review_time": "", "apc": 0.0}
{"journal_id": "proc._ieee", "journal_name": "Proceedings of the IEEE", "publisher": "IEEE", "subject_tags": ["交叉/综合/新兴"], "ccf_rating": "A", "scope_text": "electrical engineering, computer engineering, communications, computing, control, signal processing, emerging technologies, interdisciplinary research, telecommunications, energy, healthcare", "submission_url": "", "homepage_url": "", "keywords": [], "oa_type": "subscription", "impact_like_score": 0.0, "review_time": "", "apc": 0.0}
{"journal_id": "scis", "journal_name": "Science China Information Sciences", "publisher": "Science China", "subject_tags": ["交叉/综合/新兴"], "ccf_rating": "A", "scope_text": "information sciences, computer science, artificial intelligence, communications, algorithms, systems, networks, big data, cloud computing, cybersecurity", "submission_url": "", "homepage_url": "", "keywords": [], "oa_type": "subscription", "impact_like_score": 0.0, "review_time": "", "apc": 0.0}
{"journal_id": "bioinformatics", "journal_name": "Bioinformatics", "publisher": "unknown", "subject_tags": ["交叉/综合/新兴"], "ccf_rating": "A", "scope_text": "bioinformatics, genomic data analysis, proteomic data analysis, metabolomic data analysis, algorithms, databases, software tools, molecular biology, medicine, biotechnology", "submission_url": "", "homepage_url": "", "keywords": [], "oa_type": "subscription", "impact_like_score": 0.0, "review_time": "", "apc": 0.0}
{"journal_id": "briefingsinbioinformatics", "journal_name": "Briefings in Bioinformatics", "publisher": "unknown", "subject_tags": ["交叉/综合/新兴"], "ccf_rating": "B", "scope_text": "bioinformatics, genomic data analysis, proteomic data analysis, metabolomic data analysis, algorithms, databases, software tools, molecular biology, medicine, biotechnology", "submission_url": "", "homepage_url": "", "keywords": [], "oa_type": "subscription", "impact_like_score": 0.0, "review_time": "", "apc": 0.0}
{"journal_id": "cognition", "journal_name": "Cognition", "publisher": "unknown", "subject_tags": ["交叉/综合/新兴"], "ccf_rating": "B", "scope_text": "cognitive science, perception, attention, memory, language, reasoning, cognitive psychology, neuroscience, artificial intelligence, education, healthcare, human-computer interaction", "submission_url": "", "homepage_url": "", "keywords": [], "oa_type": "subscription", "impact_like_score": 0.0, "review_time": "", "apc": 0.0}
{"journal_id": "tasae", "journal_name": "IEEE Transactions on Automation Science and Engineering", "publisher": "IEEE", "subject_tags": ["交叉/综合/新兴"], "ccf_rating": "B", "scope_text": "automation science, engineering, robotics, control systems, manufacturing, modeling, optimization, decision making, logistics, healthcare, transportation", "submission_url": "", "homepage_url": "", "keywords": [], "oa_type": "subscription", "impact_like_score": 0.0, "review_time": "", "apc": 0.0}
{"journal_id": "tgars", "journal_name": "IEEE Transactions on Geoscience and Remote Sensing", "publisher": "IEEE", "subject_tags": ["交叉/综合/新兴"], "ccf_rating": "B", "scope_text": "geoscience, remote sensing, image processing, signal processing, data analysis, algorithms, sensors, systems, environmental monitoring, geology, agriculture", "submission_url": "", "homepage_url": "", "keywords": [], "oa_type": "subscription", "impact_like_score": 0.0, "review_time": "", "apc": 0.0}
{"journal_id": "tits", "journal_name": "IEEE Transactions on Intelligent Transportation Systems", "publisher": "IEEE", "subject_tags": ["交叉/综合/新兴"], "ccf_rating": "B", "scope_text": "intelligent transportation systems, traffic control, vehicle automation, transportation networks, modeling, optimization, decision making, automotive, aerospace, logistics", "submission_url": "", "homepage_url": "", "keywords": [], "oa_type": "subscription", "impact_like_score": 0.0, "review_time": "", "apc": 0.0}
{"journal_id": "tmi", "journal_name": "IEEE Transactions on Medical Imaging", "publisher": "IEEE", "subject_tags": ["交叉/综合/新兴"], "ccf_rating": "B", "scope_text": "medical imaging, image processing, analysis, visualization, algorithms, systems, modalities, radiology, cardiology, neurology", "submission_url": "", "homepage_url": "", "keywords": [], "oa_type": "subscription", "impact_like_score": 0.0, "review_time": "", "apc": 0.0}
{"journal_id": "tr", "journal_name": "IEEE Transactions on Robotics", "publisher": "IEEE", "subject_tags": ["交叉/综合/新兴"], "ccf_rating": "B", "scope_text": "robotics, kinematics, dynamics, control, perception, algorithms, systems, software, manufacturing, healthcare, exploration", "submission_url": "", "homepage_url": "", "keywords": [], "oa_type": "subscription", "impact_like_score": 0.0, "review_time": "", "apc": 0.0}
{"journal_id": "tcbb", "journal_name": "IEEE/ACM Transactions on Computational Biology and Bioinformatics", "publisher": "ACM", "subject_tags": ["交叉/综合/新兴"], "ccf_rating": "B", "scope_text": "computational biology, bioinformatics, genomic data analysis, proteomic data analysis, metabolomic data analysis, algorithms, databases, software tools, molecular biology, medicine, biotechnology", "submission_url": "", "homepage_url": "", "keywords": [], "oa_type": "subscription", "impact_like_score": 0.0, "review_time": "", "apc": 0.0}
{"journal_id": "jcst", "journal_name": "Journal of Computer Science and Technology", "publisher": "unknown", "subject_tags": ["交叉/综合/新兴"], "ccf_rating": "B", "scope_text": "computer science, technology, algorithms, systems, networks, artificial intelligence, data science, cybersecurity, cloud computing, big data, Internet of Things", "submission_url": "", "homepage_url": "", "keywords": [], "oa_type": "subscription", "impact_like_score": 0.0, "review_time": "", "apc": 0.0}
{"journal_id": "jamia", "journal_name": "Journal of the American Medical Informatics Association", "publisher": "unknown", "subject_tags": ["交叉/综合/新兴"], "ccf_rating": "B", "scope_text": "medical informatics, clinical informatics, public health informatics, translational bioinformatics, electronic health records, decision support, health data analytics, healthcare quality, patient safety, personalized medicine", "submission_url": "", "homepage_url": "", "keywords": [], "oa_type": "subscription", "impact_like_score": 0.0, "review_time": "", "apc": 0.0}
{"journal_id": "ploscomputationalbiology", "journal_name": "PLOS Computational Biology", "publisher": "unknown", "subject_tags": ["交叉/综合/新兴"], "ccf_rating": "B", "scope_text": "computational biology, bioinformatics, genomic data analysis, proteomic data analysis, metabolomic data analysis, algorithms, databases, software tools, molecular biology, medicine, biotechnology", "submission_url": "", "homepage_url": "", "keywords": [], "oa_type": "subscription", "impact_like_score": 0.0, "review_time": "", "apc": 0.0}
{"journal_id": "thecomputerjournal", "journal_name": "The Computer Journal", "publisher": "unknown", "subject_tags": ["交叉/综合/新兴"], "ccf_rating": "B", "scope_text": "computer science, algorithms, systems, networks, artificial intelligence, data science, cybersecurity, cloud computing, big data, Internet of Things", "submission_url": "", "homepage_url": "", "keywords": [], "oa_type": "subscription", "impact_like_score": 0.0, "review_time": "", "apc": 0.0}
{"journal_id": "www", "journal_name": "The Web Conference", "publisher": "unknown", "subject_tags": ["交叉/综合/新兴"], "ccf_rating": "B", "scope_text": "world wide web, web technologies, web mining, social network analysis, web search, recommender systems, online communities, e-commerce, social media, digital libraries", "submission_url": "", "homepage_url": "", "keywords": [], "oa_type": "subscription", "impact_like_score": 0.0, "review_time": "", "apc": 0.0}
{"journal_id": "fcs", "journal_name": "Frontiers of Computer Science", "publisher": "unknown", "subject_tags": ["交叉/综合/新兴"], "ccf_rating": "B", "scope_text": "computer science, algorithms, systems, networks, artificial intelligence, data science, cybersecurity, cloud computing, big data, Internet of Things", "submission_url": "", "homepage_url": "", "keywords": [], "oa_type": "subscription", "impact_like_score": 0.0, "review_time": "", "apc": 0.0}
{"journal_id": "bcra", "journal_name": "Blockchain: Research and Applications", "publisher": "unknown", "subject_tags": ["交叉/综合/新兴"], "ccf_rating": "B", "scope_text": "blockchain, research, applications, consensus algorithms, smart contracts, cryptocurrencies, distributed ledger technology, decentralized applications, blockchain security, finance, supply chain, healthcare", "submission_url": "", "homepage_url": "", "keywords": [], "oa_type": "subscription", "impact_like_score": 0.0, "review_time": "", "apc": 0.0}
{"journal_id": "bmcbioinformatics", "journal_name": "BMC Bioinformatics", "publisher": "unknown", "subject_tags": ["交叉/综合/新兴"], "ccf_rating": "C", "scope_text": "bioinformatics, genomic data analysis, proteomic data analysis, metabolomic data analysis, algorithms, databases, software tools, molecular biology, medicine, biotechnology", "submission_url": "", "homepage_url": "", "keywords": [], "oa_type": "subscription", "impact_like_score": 0.0, "review_time": "", "apc": 0.0}
{"journal_id": "cyberneticsandsystems", "journal_name": "Cybernetics and Systems", "publisher": "unknown", "subject_tags": ["交叉/综合/新兴"], "ccf_rating": "C", "scope_text": "cybernetics, systems science, control theory, information theory, systems theory, modeling, optimization, decision making, engineering, economics, biology", "submission_url": "", "homepage_url": "", "keywords": [], "oa_type": "subscription", "impact_like_score": 0.0, "review_time": "", "apc": 0.0}
{"journal_id": "ieeegeoscienceandremotesensingletters", "journal_name": "IEEE Geoscience and Remote Sensing Letters", "publisher": "IEEE", "subject_tags": ["交叉/综合/新兴"], "ccf_rating": "C", "scope_text": "geoscience, remote sensing, image processing, signal processing, data analysis, algorithms, sensors, systems, environmental monitoring, geology, agriculture", "submission_url": "", "homepage_url": "", "keywords": [], "oa_type": "subscription", "impact_like_score": 0.0, "review_time": "", "apc": 0.0}
{"journal_id": "jbhi", "journal_name": "IEEE Journal of Biomedical and Health Informatics", "publisher": "IEEE", "subject_tags": ["交叉/综合/新兴"], "ccf_rating": "C", "scope_text": "biomedical informatics, health informatics, clinical informatics, public health informatics, translational bioinformatics, electronic health records, decision support, health data analytics, healthcare quality, patient safety, personalized medicine", "submission_url": "", "homepage_url": "", "keywords": [], "oa_type": "subscription", "impact_like_score": 0.0, "review_time": "", "apc": 0.0}
{"journal_id": "tbd", "journal_name": "IEEE Transactions on Big Data", "publisher": "IEEE", "subject_tags": ["交叉/综合/新兴"], "ccf_rating": "C", "scope_text": "big data, data management, analytics, visualization, algorithms, systems, platforms, business intelligence, scientific computing, social media", "submission_url": "", "homepage_url": "", "keywords": [], "oa_type": "subscription", "impact_like_score": 0.0, "review_time": "", "apc": 0.0}
{"journal_id": "ietintelligenttransportsystems", "journal_name": "IET Intelligent Transport Systems", "publisher": "unknown", "subject_tags": ["交叉/综合/新兴"], "ccf_rating": "C", "scope_text": "intelligent transport systems, traffic control, vehicle automation, transportation networks, modeling, optimization, decision making, automotive, aerospace, logistics", "submission_url": "", "homepage_url": "", "keywords": [], "oa_type": "subscription", "impact_like_score": 0.0, "review_time": "", "apc": 0.0}
{"journal_id": "jbi", "journal_name": "Journal of Biomedical Informatics", "publisher": "unknown", "subject_tags": ["交叉/综合/新兴"], "ccf_rating": "C", "scope_text": "biomedical informatics, clinical informatics, public health informatics, translational bioinformatics, electronic health records, decision support, health data analytics, healthcare quality, patient safety, personalized medicine", "submission_url": "", "homepage_url": "", "keywords": [], "oa_type": "subscription", "impact_like_score": 0.0, "review_time": "", "apc": 0.0}
{"journal_id": "medicalimageanalysis", "journal_name": "Medical Image Analysis", "publisher": "unknown", "subject_tags": ["交叉/综合/新兴"], "ccf_rating": "C", "scope_text": "medical image analysis, image processing, segmentation, registration, algorithms, systems, modalities, radiology, cardiology, neurology", "submission_url": "", "homepage_url": "", "keywords": [], "oa_type": "subscription", "impact_like_score": 0.0, "review_time": "", "apc": 0.0}
{"journal_id": "tii", "journal_name": "IEEE Transactions on Industrial Informatics", "publisher": "IEEE", "subject_tags": ["交叉/综合/新兴"], "ccf_rating": "C", "scope_text": "industrial informatics, automation, control, communication, industrial systems, modeling, optimization, decision making, manufacturing, energy, logistics", "submission_url": "", "homepage_url": "", "keywords": [], "oa_type": "subscription", "impact_like_score": 0.0, "review_time": "", "apc": 0.0}
{"journal_id": "tcps", "journal_name": "ACM Transactions on Cyber-Physical Systems", "publisher": "ACM", "subject_tags": ["交叉/综合/新兴"], "ccf_rating": "C", "scope_text": "cyber-physical systems, embedded systems, control systems, sensor networks, modeling, analysis, verification, automotive, aerospace, healthcare", "submission_url": "", "homepage_url": "", "keywords": [], "oa_type": "subscription", "impact_like_score": 0.0, "review_time": "", "apc": 0.0}
{"journal_id": "toce", "journal_name": "ACM Transactions on Computing Education", "publisher": "ACM", "subject_tags": ["交叉/综合/新兴"], "ccf_rating": "C", "scope_text": "computing education, pedagogy, curriculum design, assessment, computer science education, software engineering education, data science education, K-12 education, higher education, professional training", "submission_url": "", "homepage_url": "", "keywords": [], "oa_type": "subscription", "impact_like_score": 0.0, "review_time": "", "apc": 0.0}
{"journal_id": "eitee", "journal_name": "ENGINEERING Information Technology & Electronic Engineering", "publisher": "unknown", "subject_tags": ["交叉/综合/新兴"], "ccf_rating": "C", "scope_text": "information technology, electronic engineering, communications, computing, control, algorithms, systems, networks, telecommunications, energy, healthcare", "submission_url": "", "homepage_url": "", "keywords": [], "oa_type": "subscription", "impact_like_score": 0.0, "review_time": "", "apc": 0.0}
{"journal_id": "tcss", "journal_name": "IEEE Transactions on Computational Social Systems", "publisher": "IEEE", "subject_tags": ["交叉/综合/新兴"], "ccf_rating": "C", "scope_text": "computational social systems, social network analysis, social simulation, social media analytics, data mining, machine learning, natural language processing, sociology, political science, economics", "submission_url": "", "homepage_url": "", "keywords": [], "oa_type": "subscription", "impact_like_score": 0.0, "review_time": "", "apc": 0.0}
{"journal_id": "ieeetransactionsonreliability", "journal_name": "IEEE Transactions on Reliability", "publisher": "IEEE", "subject_tags": ["交叉/综合/新兴"], "ccf_rating": "C", "scope_text": "reliability engineering, failure analysis, fault tolerance, maintenance, modeling, analysis, optimization, manufacturing, telecommunications, aerospace", "submission_url": "", "homepage_url": "", "keywords": [], "oa_type": "subscription", "impact_like_score": 0.0, "review_time": "", "apc": 0.0}
{"journal_id": "health", "journal_name": "ACM Transactions on Computing for Healthcare", "publisher": "ACM", "subject_tags": ["交叉/综合/新兴"], "ccf_rating": "C", "scope_text": "computing for healthcare, biomedical informatics, health informatics, clinical decision support, electronic health records, telemedicine, personalized medicine, algorithms, systems, applications", "submission_url": "", "homepage_url": "", "keywords": [], "oa_type": "subscription", "impact_like_score": 0.0, "review_time": "", "apc": 0.0}
{"journal_id": "acm_dlt", "journal_name": "ACM Distributed Ledger Technologies: Research and Practice", "publisher": "ACM", "subject_tags": ["交叉/综合/新兴"], "ccf_rating": "C", "scope_text": "distributed ledger technologies, blockchain, smart contracts, cryptocurrencies, consensus algorithms, scalability, security, finance, supply chain, healthcare", "submission_url": "", "homepage_url": "", "keywords": [], "oa_type": "subscription", "impact_like_score": 0.0, "review_time": "", "apc": 0.0}